"SIGNOR ID";"COMPLEX NAME";"LIST OF ENTITIES"
SIGNOR-C1;NFY;"P23511,  P25208,  Q13952"
SIGNOR-C2;mTORC2;"P42345,  P68104,  P85299,  Q6R327,  Q8TB45,  Q9BVC4"
SIGNOR-C3;mTORC1;"P42345,  Q8N122,  Q8TB45,  Q96B36,  Q9BVC4"
SIGNOR-C5;SCF-betaTRCP;"P63208,  Q13616,  Q9Y297"
SIGNOR-C6;CBP/p300;"Q09472,  Q92793"
SIGNOR-C7;P300/PCAF;"Q09472,  Q92793,  Q92831"
SIGNOR-C8;SMAD2/SMAD4;"Q13485,  Q15796"
SIGNOR-C9;SMAD3/SMAD4;"P84022,  Q13485"
SIGNOR-C10;SMAD4/JUN;"P05412,  Q13485"
SIGNOR-C11;SMAD2/SMURF2;"Q15796,  Q9HAU4"
SIGNOR-C12;SMAD7/HDAC1/E2F-1;"O15105,  Q01094,  Q13547"
SIGNOR-C13;NfKb-p65/p50;"P19838,  Q04206"
SIGNOR-C14;IKK-complex;"O14920,  O15111,  Q9Y6K9"
SIGNOR-C15;AMPK;"O43741,  P54619,  P54646,  Q13131,  Q9UGI9,  Q9UGJ0,  Q9Y478"
SIGNOR-C16;CyclinE/CDK2;"O96020,  P24941"
SIGNOR-C17;CyclinB/CDK1;"P06493,  P14635"
SIGNOR-C18;CyclinD/CDK4;"P11802,  P24385"
SIGNOR-C19;HMT;"O14686,  P61964,  Q9UBL3"
SIGNOR-C21;CDON/SPAG9;"O60271,  Q4KMG0"
SIGNOR-C23;TAF3/TRF3;"Q5VWG9,  Q6SJ96"
SIGNOR-C24;"DCX DET1-COP1";"P62877,  Q13619,  Q16531,  Q7L5Y6,  Q8NHY2"
SIGNOR-C25;NKX3-1/SRF;"P11831,  Q99801"
SIGNOR-C26;LAMTOR;"O43504,  Q0VGL1,  Q6IAA8,  Q9UHA4,  Q9Y2Q5"
SIGNOR-C27;AMOT/MPP5/INADL/LIN7C;"Q8N3R9,  Q8NI35,  Q9NUP9"
SIGNOR-C29;BMPR1A/1B/2;"O00238,  P36894,  Q13873"
SIGNOR-C30;ACVR1/BMPR2;"Q04771,  Q13873"
SIGNOR-C32;RISC(DICER1/AGO2/TARBP2);"Q15633,  Q9UKV8,  Q9UPY3"
SIGNOR-C33;CDX2/PAX6/P300;"P26367,  Q09472,  Q99626"
SIGNOR-C34;"RNA helicases DDX5/DDX17";"P17844,  Q92841"
SIGNOR-C37;CyclinK/CDK12;"O75909,  Q9NYV4"
SIGNOR-C38;CyclinK/CDK13;"O75909,  Q14004"
SIGNOR-C39;DDB2/DDB1;"Q16531,  Q92466"
SIGNOR-C41;DICER1/hAgo2/PRKRA;"O75569,  Q9UKV8,  Q9UPY3"
SIGNOR-C42;DNMT1/DNMT3A;"P26358,  Q9Y6K1"
SIGNOR-C43;DNMT1/DNMT3B;"P26358,  Q9UBC3"
SIGNOR-C44;eIF4F_complex;"P06730,  Q04637,  Q14240"
SIGNOR-C47;ELF4/RUNX1;"Q01196,  Q99607"
SIGNOR-C48;ELL/ICE1;"P55199,  Q9Y2F5"
SIGNOR-C49;ELL/ICE2;"P55199,  Q659A1"
SIGNOR-C50;ERCC4/ERCC1;"P07992,  Q92889"
SIGNOR-C51;EXT1/EXT2;"Q16394,  Q93063"
SIGNOR-C52;FGFR1OP/CEP350;"O95684,  Q5VT06"
SIGNOR-C53;"CPSF complex";"O95639,  Q10570,  Q6UN15,  Q9P2I0,  Q9UKF6"
SIGNOR-C54;KAT6A/KAT6B;"Q8WYB5,  Q92794"
SIGNOR-C55;KAT6A/PML;"P29590,  Q92794"
SIGNOR-C56;KCNJ5/KCNJ3;"P48544,  P48549"
SIGNOR-C58;MLH1/PMS1;"P40692,  P54277"
SIGNOR-C59;MLH1/PMS2;"P40692,  P54278"
SIGNOR-C60;MSH2/MSH6;"P43246,  P52701"
SIGNOR-C61;MSN/PDZD8;"P26038,  Q8NEN9"
SIGNOR-C62;NONO/SFPQ;"P23246,  Q15233"
SIGNOR-C64;POT1/ACD;"Q96AP0,  Q9NUX5"
SIGNOR-C65;RAD51B/RAD51C;"O15315,  O43502"
SIGNOR-C67;RBM15/NXF1;"Q96T37,  Q9UBU9"
SIGNOR-C68;REL/RELA;"Q04206,  Q04864"
SIGNOR-C71;SEPT6/SEPT2;"Q14141,  Q15019"
SIGNOR-C72;SEPT6/SEPT7;"Q14141,  Q16181"
SIGNOR-C73;SOX2/POU5F1;"P48431,  Q01860"
SIGNOR-C74;SP1/STAT3;"P08047,  P40763"
SIGNOR-C75;SS18/MLLT10;"P55197,  Q15532"
SIGNOR-C76;SUZ12/EED;"O75530,  Q15022"
SIGNOR-C77;SUZ12/EZH2;"Q15022,  Q15910"
SIGNOR-C78;U2AF1/U2AF2;"P26368,  Q01081"
SIGNOR-C80;ZBTB16/ZBTB32;"Q05516,  Q9Y2Y4"
SIGNOR-C81;ZRSR2/U2AF2;"P26368,  Q15696"
SIGNOR-C83;CyclinA2/CDK2;"P20248,  P24941"
SIGNOR-C84;NR3C1/STAT5A;"P04150,  P42229"
SIGNOR-C85;SMAD1/4;"Q13485,  Q15797"
SIGNOR-C86;SMAD3/JUN;"P05412,  P84022"
SIGNOR-C87;"MLL/SET subcomplex";"Q15291,  Q9C005,  Q9UPS6,  SIGNOR-C352"
SIGNOR-C88;"MLL2 complex";"O14686,  SIGNOR-C87"
SIGNOR-C89;"MLL1 complex";"Q03164,  SIGNOR-C87"
SIGNOR-C90;"PAX7/MLL1 complex";"P23759,  SIGNOR-C89"
SIGNOR-C91;"PAX7/MLL2 complex";"P23759,  SIGNOR-C88"
SIGNOR-C92;"SWI/SNF complex";"O14497,  O96019,  P51532,  Q12824,  Q68CP9,  Q8NFD5,  Q8TAQ2,  Q92922,  Q969G3,  Q96GM5"
SIGNOR-C93;"MYOD1/SWI/SNF complex";"P15172,  P40424,  SIGNOR-C92"
SIGNOR-C94;"Myog/SWI/SNF complex";"P15173,  Q14814,  SIGNOR-C92"
SIGNOR-C95;CDON/BOC/PTCH1;"Q13635,  Q4KMG0,  Q9BWV1"
SIGNOR-C97;RBPJ/NOTCH;"P46531,  Q06330,  SIGNOR-PF30"
SIGNOR-C98;gamma-secretase;"P49768,  Q92542,  Q96BI3,  Q9NZ42"
SIGNOR-C100;ULK1/Atg13/Fip200;"O75143,  O75385,  Q8TDY2"
SIGNOR-C101;TSC;"P49815,  Q92574"
SIGNOR-C102;SUZ12/EZH2/YY1;"P25490,  SIGNOR-C77"
SIGNOR-C103;"NLI/Lmx1.1/Isl1 ";"P61371,  Q8TE12,  Q9GZU7"
SIGNOR-C104;"RFX complex";"O00287,  O14593,  P48382"
SIGNOR-C105;"CoREST-HDAC complex";"O60341,  O75362,  Q13547,  Q92769,  Q9UKL0"
SIGNOR-C106;"LMX1B/SFPQ/PSPC1 complex";"O60663,  P23246,  Q8WXF1"
SIGNOR-C107;DNA-PK;"P12956,  P13010,  P78527"
SIGNOR-C108;"NC2 complex";"Q01658,  Q14919"
SIGNOR-C109;ATG12/5/16L1;"O94817,  Q676U5,  Q9H1Y0"
SIGNOR-C110;GSK3B/Axin/APC;"O15169,  P25054,  P49841"
SIGNOR-C111;REST-CoREST;"Q13127,  Q9UKL0"
SIGNOR-C112;PARD6/SMURF1;"Q9HCE7,  Q9NPB6"
SIGNOR-C113;RAGAC;"Q7L523,  Q9HB90"
SIGNOR-C114;RAGAD;"Q7L523,  Q9NQL2"
SIGNOR-C115;RAGBC;"Q5VZM2,  Q9HB90"
SIGNOR-C116;RAGBD;"Q5VZM2,  Q9NQL2"
SIGNOR-C117;"AEP complex";"P51825,  Q03111,  Q9UHB7,  SIGNOR-C238"
SIGNOR-C118;STAT1/STAT3;"P40763,  P42224"
SIGNOR-C119;Cullin4-RBX1-DDB1;"P62877,  Q13619,  Q16531,  Q96SW2"
SIGNOR-C120;JAK1/STAT1/STAT3;"P23458,  SIGNOR-C118"
SIGNOR-C121;PKCtheta/Nfix;"Q04759,  Q14938"
SIGNOR-C122;Six1/Dach;"Q15475,  Q9UI36"
SIGNOR-C123;"MTA1/DJ1 complex ";"Q13330,  Q99497"
SIGNOR-C124;"ISGF3 complex";"P42224,  P52630,  Q00978"
SIGNOR-C125;AHR-ARNT;"P27540,  P35869"
SIGNOR-C126;"a7/b1 integrin";"P05556,  Q13683"
SIGNOR-C127;MYOD/E12E47;"P15172,  P15923"
SIGNOR-C128;MYOD/HEB;"P15172,  Q99081"
SIGNOR-C129;MYOD/E2-2;"P15172,  P15884"
SIGNOR-C130;"Polycomb repressive complex 2";"O75530,  Q09028,  Q15022,  Q15910,  Q6ZN18"
SIGNOR-C131;NAE;"Q13564,  Q8TBC4"
SIGNOR-C132;"PP2CA_R1A_R2A ";"P30153,  P63151,  P67775"
SIGNOR-C133;"PP2Ca_R1A_Bd  ";"P30153,  P67775,  Q00005"
SIGNOR-C134;PP2Ca_R1A_Bd;"P30153,  P67775,  Q14738"
SIGNOR-C135;SCF-FBW7;"P63208,  Q13616,  Q969H0"
SIGNOR-C136;SCF-SKP2;"P63208,  Q13309,  Q13616"
SIGNOR-C137;GUCY1A2-B2;"O75343,  P33402"
SIGNOR-C138;GUCY1A2-B3;"P33402,  Q02153"
SIGNOR-C139;GUCY1A3-B2;"O75343,  Q02108"
SIGNOR-C140;GUCY1A3-B3;"Q02108,  Q02153"
SIGNOR-C142;IFNGR2/INFGR1;"P15260,  P38484"
SIGNOR-C143;CyclinD1/CDK6;"P24385,  Q00534"
SIGNOR-C144;CDK5/CDK5R1;"Q00535,  Q15078"
SIGNOR-C146;ARP2/3;"O15144,  O15145,  O15511,  P59998,  P61158,  P61160,  Q92747"
SIGNOR-C147;MRE11/RAD50/NBS1;"O60934,  P49959,  Q92878"
SIGNOR-C149;hb:hp;"P00738,  SIGNOR-C209"
SIGNOR-C150;APC-c;"P30260,  Q13042,  Q8NHZ8,  Q9BS18,  Q9H1A4,  Q9NYG5,  Q9UJX2,  Q9UJX3,  Q9UJX4,  Q9UJX5,  Q9UJX6,  Q9UM13"
SIGNOR-C151;"Noncanonical PRC1";"P63208,  Q6W2J9,  Q99496,  Q9BSM1"
SIGNOR-C152;PAX2/TLE4;"Q02962,  Q04727"
SIGNOR-C153;TCR;"P01848,  P01850,  SIGNOR-C432"
SIGNOR-C154;AP1;"P01100,  P05412"
SIGNOR-C155;Calcineurin;"P63098,  Q08209"
SIGNOR-C156;PI3K;"P27986,  P42336"
SIGNOR-C157;"LE-TGN  SNARE";"O14662,  O60499,  Q15836,  Q96AJ9"
SIGNOR-C158;"SMN complex";"O14893,  P57678,  Q16637,  Q8TEQ6,  Q8WXD5,  Q9H840,  Q9UHI6"
SIGNOR-C159;"A1/b1 integrin";"P05556,  P56199"
SIGNOR-C160;"A2/b1 integrin";"P05556,  P17301"
SIGNOR-C161;"A3/b1 integrin";"P05556,  P26006"
SIGNOR-C162;"A4/b1 integrin";"P05556,  P13612"
SIGNOR-C163;"A5/b1 integrin";"P05556,  P08648"
SIGNOR-C164;"A6/b1 integrin";"P05556,  P23229"
SIGNOR-C165;"A8/b1 integrin";"P05556,  P53708"
SIGNOR-C166;"A9/b1 integrin";"P05556,  Q13797"
SIGNOR-C167;"A10/b1 integrin";"O75578,  P05556"
SIGNOR-C168;"A11/b1 integrin";"P05556,  Q9UKX5"
SIGNOR-C169;"AL/b2 integrin";"P05107,  P20701"
SIGNOR-C170;"AM/b2 integrin";"P05107,  P11215"
SIGNOR-C171;"AX/b2 integrin";"P05107,  P20702"
SIGNOR-C172;"AD/b2 integrin";"P05107,  Q13349"
SIGNOR-C173;"AIIB/b3 integrin";"P05106,  P08514"
SIGNOR-C174;"A6/b4 integrin";"P16144,  P23229"
SIGNOR-C175;"Av/b1 integrin";"P05556,  P06756"
SIGNOR-C176;"Av/b2 integrin";"P05107,  P06756"
SIGNOR-C177;"Av/b3 integrin";"P05106,  P06756"
SIGNOR-C178;"Av/b5 integrin";"P06756,  P18084"
SIGNOR-C179;"Av/b6 integrin";"P06756,  P18564"
SIGNOR-C180;Laminin-9;"P11047,  P55268,  Q16363"
SIGNOR-C181;Laminin-8;"P07942,  P11047,  Q16363"
SIGNOR-C182;Laminin-10;"O15230,  P07942,  P11047"
SIGNOR-C183;Laminin-1;"P07942,  P11047,  P25391"
SIGNOR-C184;Laminin-5;"Q13751,  Q13753,  Q16787"
SIGNOR-C185;"Av/b8 integrin";"P06756,  P26012"
SIGNOR-C186;"AE/b7 integrin";"P26010,  P38570"
SIGNOR-C187;"A4/b7 integrin";"P13612,  P26010"
SIGNOR-C189;SETDB1/NLK/CHD7;"Q15047,  Q9P2D1,  Q9UBE8"
SIGNOR-C190;"PAS complex";"Q08AM6,  Q92562,  Q9Y2I7"
SIGNOR-C191;"WRC complex";"Q7L576,  Q8IZP0,  Q8WUW1,  Q92558,  Q9Y2A7"
SIGNOR-C192;GATOR1;"O75140,  Q12980,  Q8WTW4"
SIGNOR-C193;GATOR2;"P55735,  Q6PJI9,  Q96EE3,  Q96S15,  Q9NXC5"
SIGNOR-C195;CLOCK/BMAL1;"O00327,  O15516"
SIGNOR-C196;CLOCK/BMAL2;"O15516,  Q8WYA1"
SIGNOR-C197;CBFA2T3/ZNF651;"O75081,  Q9UFB7"
SIGNOR-C198;SNAIL/RELA/PARP1;"O95863,  P09874,  Q04206"
SIGNOR-C199;FCER1G/FCER1G;P30273
SIGNOR-C200;FCER1;"P12319,  Q01362"
SIGNOR-C202;GNB/GNG;"P59768,  P62873"
SIGNOR-C203;SMAD2/STAT3/EP300;"P40763,  Q09472,  Q15796"
SIGNOR-C204;SMAD3/PIAS3;"P84022,  Q9Y6X2"
SIGNOR-C205;SMAD5/SMAD4;"Q13485,  Q99717"
SIGNOR-C206;SMAD8/SMAD4;"O15198,  Q13485"
SIGNOR-C207;"Neurofilament L/M";"P07196,  P07197"
SIGNOR-C208;"Neurofilament L/H";"P07196,  P12036"
SIGNOR-C209;Hemoglobin;"P68871,  P69905"
SIGNOR-C210;FN1/SDC4;"P02751,  P31431"
SIGNOR-C211;RUNX2/EP300;"Q09472,  Q13950"
SIGNOR-C212;CSF2RA/CSF2RB;"P15509,  P32927"
SIGNOR-C214;" Core Binding Factor complex";"Q01196,  Q13951"
SIGNOR-C215;SMAD1/5/8/SMAD4;"Q13485,  SIGNOR-PF35"
SIGNOR-C216;FZD7/SDC4;"O75084,  P31431"
SIGNOR-C217;DGC;"O60941,  P11532,  P24043,  P29475,  P56539,  Q13326,  Q13424,  Q13425,  Q13884,  Q14118,  Q16585,  Q16586,  Q92629,  Q9NSN8,  Q9NY99,  Q9Y4J8"
SIGNOR-C218;MAPK12/CARM1;"P53778,  Q86X55"
SIGNOR-C219;LPR5/6;"O75197,  O75581"
SIGNOR-C220;"Caspase 1 complex";P29466
SIGNOR-C221;"Caspase 3 complex";P42574
SIGNOR-C222;"AIM2 inflammasome";"O14862,  P29466,  Q9ULZ3"
SIGNOR-C223;"NLRC4 inflammasome";"P29466,  Q13075,  Q9NPP4,  Q9ULZ3"
SIGNOR-C224;"NLRP1 inflammasome";"P29466,  Q9C000,  Q9ULZ3"
SIGNOR-C225;"NLRP3 inflammasome";"P29466,  Q96P20,  Q9ULZ3"
SIGNOR-C226;"Pyrin inflammasome";"O15553,  P29466,  Q9ULZ3"
SIGNOR-C227;"Caspase 2 complex";P42575
SIGNOR-C228;"Caspase 6 complex";P55212
SIGNOR-C229;"Caspase 9 complex";P55211
SIGNOR-C230;Apoptosome;"O14727,  P55211,  P99999"
SIGNOR-C231;"Caspase 8 complex";Q14790
SIGNOR-C232;"Caspase 7 complex";P55210
SIGNOR-C233;"Ribonucleotide reductase";"P23921,  P31350"
SIGNOR-C234;CyclinD3/CDK6;"P30281,  Q00534"
SIGNOR-C238;P-TEFb;"O60563,  P50750"
SIGNOR-C240;"Spike protein-ACE2";"P59594,  Q9BYF1"
SIGNOR-C241;"Vps34 Complex II";"Q14457,  Q8NEB9,  Q99570,  Q9P2Y5"
SIGNOR-C242;"Vps34 Complex I";"Q14457,  Q6ZNE5,  Q8NEB9,  Q99570"
SIGNOR-C243;IFNAR;"P17181,  P48551"
SIGNOR-C244;STC2/HMOX1;"O76061,  P09601"
SIGNOR-C245;"AP-2 complex";"O94973,  P53680,  P63010,  Q96CW1"
SIGNOR-C246;"Early Endosome";"CHEBI:17283,  P20338,  P20339,  P61026,  P61106,  Q15075,  Q9H1K0,  Q9UL25,  Q9UL26"
SIGNOR-C247;"AP-3 complex";"O00203,  O14617,  Q92572,  Q9Y2T2"
SIGNOR-C248;"AP-1 complex";"O43747,  P61966,  Q10567,  Q9BXS5"
SIGNOR-C249;"AP-2/clathrin vescicle";"CHEBI:18348,  P09496,  P09497,  P53675,  Q00610,  SIGNOR-C245"
SIGNOR-C250;"AP-3/clathrin vescicle";"CHEBI:18348,  P09496,  P09497,  P53675,  Q00610,  SIGNOR-C247,  SIGNOR-C445"
SIGNOR-C251;"AP-1/clathrin vescicle";"CHEBI:17526,  P09496,  P09497,  P53675,  Q00610,  SIGNOR-C248"
SIGNOR-C252;BLOC-2;"Q86YV9,  Q969F9,  Q9UPZ3"
SIGNOR-C253;BLOC-3;"Q92902,  Q9NQG7"
SIGNOR-C254;"CoV2 Spike protein-ACE2";"P0DTC2,  Q9BYF1"
SIGNOR-C255;Exosome_Complex;"CHEBI:18420,  Q01780,  Q06265,  Q13868,  Q15024,  Q5RKV6,  Q8TF46,  Q96B26,  Q9NPD3,  Q9NQT4,  Q9NQT5,  Q9Y3B2"
SIGNOR-C256;"EIF4E2/GIGYF1 complex";"O60573,  O75420"
SIGNOR-C257;"EIF4E2/GIGYF2 complex";"O60573,  Q6Y7W6"
SIGNOR-C258;"WASH complex";"A8K0Z3,  Q12768,  Q2M389,  Q9Y3C0,  Q9Y4E1"
SIGNOR-C259;" p62_complex";"P37198,  Q7Z3B4,  Q9BVL2"
SIGNOR-C260;"IL17R complex";"Q8NAC3,  Q96F46"
SIGNOR-C261;"DNA primase complex";"P49642,  P49643"
SIGNOR-C262;"DNA polymerase alpha:primase complex";"P09884,  Q14181,  SIGNOR-C261"
SIGNOR-C263;NPC;"O15504,  O75694,  P12270,  P35658,  P37198,  P49790,  P49792,  P52948,  P55735,  P57740,  P78406,  Q12769,  Q53GS7,  Q5SRE5,  Q7Z3B4,  Q8N1F7,  Q8NFH3,  Q8NFH4,  Q8NFH5,  Q8TEM1,  Q8WUM0,  Q8WYP5,  Q92621,  Q96EE3,  Q96HA1,  Q99567,  Q9BTX1,  Q9BVL2,  Q9BW27,  Q9NRG9,  Q9UKX7"
SIGNOR-C264;"ATP synthase";"O75947,  O75964,  P03928,  P05496,  P06576,  P18859,  P24539,  P25705,  P30049,  P36542,  P48047,  P56385,  Q9UII2"
SIGNOR-C265;"Integrator complex";"Q5TA45,  Q68E01,  Q6P9B9,  Q75QN2,  Q8N201,  Q96CB8,  Q96HW7,  Q96SY0,  Q9H0H0,  Q9NV88,  Q9NVH2,  Q9NVM9,  Q9NVR2,  Q9UL03"
SIGNOR-C266;"28S mitochondrial small ribosomal subunit";"O15235,  O60783,  P51398,  P82650,  P82663,  P82664,  P82673,  P82675,  P82912,  P82914,  P82921,  P82930,  P82932,  P82933,  Q92552,  Q92665,  Q96BP2,  Q96EL2,  Q96EY7,  Q9BYN8,  Q9NWT8,  Q9Y291,  Q9Y2Q9,  Q9Y2R5,  Q9Y2R9,  Q9Y399,  Q9Y3D3,  Q9Y3D5,  Q9Y3D9,  Q9Y676"
SIGNOR-C267;"CoV2 spike protein-NRP1";"O14786,  P0DTC2"
SIGNOR-C268;MCM;"P25205,  P33991,  P33992,  P33993,  P49736,  Q14566"
SIGNOR-C269;"CHEVI complex";"Q9H267,  Q9H9C1"
SIGNOR-C270;"GPIb-IX-V complex";"P07359,  P13224,  P14770,  P40197"
SIGNOR-C271;"WAVE complex";"Q7L576,  Q8IZP0,  Q8WUW1,  Q9Y2A7,  Q9Y6W5"
SIGNOR-C272;"STX11-SNAP23 SNARE complex";"O00161,  O75558"
SIGNOR-C273;"STX11-VAMP8 SNARE complex";"O75558,  Q15833,  Q9BV40"
SIGNOR-C274;"KATP channel";"O60706,  Q09428,  Q14654,  Q15842"
SIGNOR-C275;"VAPB-PTPIP51 complex";"O95292,  Q96TC7"
SIGNOR-C276;"Mitochondrial Fe-S Cluster Assembly Complex";"Q16595,  Q9H1K1,  Q9HD34,  Q9Y697"
SIGNOR-C277;"Mitochondrial respiratory chain complex I";"O00217,  O14561,  O15239,  O43181,  O43674,  O43676,  O43677,  O43678,  O43920,  O75251,  O75306,  O75380,  O75438,  O75489,  O95139,  O95167,  O95168,  O95169,  O95178,  O95182,  O95298,  O95299,  O96000,  P03886,  P03891,  P03897,  P03901,  P03905,  P03915,  P03923,  P17568,  P19404,  P28331,  P49821,  P51970,  P56181,  P56556,  Q16718,  Q16795,  Q86Y39,  Q9NX14,  Q9P0J0,  Q9UI09,  Q9Y6M9"
SIGNOR-C278;"Mitochondrial respiratory chain complex II";"O14521,  P21912,  P31040,  Q99643"
SIGNOR-C279;"Mitochondrial respiratory chain complex III";"O14949,  O14957,  P00156,  P07919,  P08574,  P14927,  P22695,  P31930,  P47985,  Q9UDW1"
SIGNOR-C280;"Mitochondrial respiratory chain complex IV";"O00483,  P00395,  P00403,  P00414,  P09669,  P10176,  P10606,  P12074,  P13073,  P14406,  P14854,  P15954,  P20674,  P24311"
SIGNOR-C281;"HAUS complex";"O94927,  Q68CZ6,  Q7Z4H7,  Q96CS2,  Q99871,  Q9BT25,  Q9H6D7,  Q9NVX0"
SIGNOR-C282;"g-TuRC complex";"Q96CW5,  Q96RT7,  Q96RT8,  Q9BSJ2,  Q9UGJ1"
SIGNOR-C285;"39S mitochondrial large ribosomal subunit";"O75394,  P09001,  P49406,  P52815,  Q13084,  Q13405,  Q14197,  Q16540,  Q4U2R6,  Q5T653,  Q6P161,  Q6P1L8,  Q7Z2W9,  Q7Z7F7,  Q7Z7H8,  Q86TS9,  Q8IXM3,  Q8N5N7,  Q8N983,  Q8TAE8,  Q8TCC3,  Q96A35,  Q96DV4,  Q96EL3,  Q96GC5,  Q9BQ48,  Q9BQC6,  Q9BRJ2,  Q9BYC8,  Q9BYC9,  Q9BYD1,  Q9BYD2,  Q9BYD3,  Q9BYD6,  Q9BZE1,  Q9H0U6,  Q9H2W6,  Q9H9J2,  Q9HD33,  Q9NP92,  Q9NQ50,  Q9NRX2,  Q9NVS2,  Q9NWU5,  Q9NX20,  Q9NYK5,  Q9NZE8,  Q9P015,  Q9P0J6,  Q9P0M9,  Q9Y3B7,  Q9Y6G3"
SIGNOR-C286;"40S cytosolic small ribosomal subunit";"P08708,  P08865,  P15880,  P22090,  P23396,  P25398,  P39019,  P42677,  P46781,  P46782,  P46783,  P60866,  P61247,  P62081,  P62241,  P62244,  P62249,  P62263,  P62266,  P62269,  P62273,  P62277,  P62280,  P62701,  P62753,  P62841,  P62847,  P62851,  P62854,  P62857,  P62861,  P62979,  P63220,  Q71UM5,  Q8TD47"
SIGNOR-C287;"60S cytosolic large ribosomal subunit";"P05386,  P05387,  P05388,  P18077,  P18124,  P18621,  P26373,  P27635,  P30050,  P32969,  P35268,  P36578,  P39023,  P40429,  P42766,  P46776,  P46777,  P46778,  P46779,  P47914,  P49207,  P50914,  P61254,  P61313,  P61353,  P61513,  P61927,  P62424,  P62750,  P62829,  P62888,  P62891,  P62899,  P62906,  P62910,  P62913,  P62917,  P62945,  P62987,  P63173,  P83731,  P83881,  P84098,  Q02543,  Q02878,  Q07020,  Q6P5R6,  Q92901,  Q969Q0,  Q96EH5,  Q96L21,  Q9UNX3,  Q9Y3U8"
SIGNOR-C288;"BBsome complex";"A8MTZ0,  Q3SYG4,  Q8IWZ6,  Q8N3I7,  Q8NFJ9,  Q8TAM2,  Q96RK4,  Q9BXC9"
SIGNOR-C289;"DPM complex";"O60762,  O94777,  Q9P2X0"
SIGNOR-C290;"Hair cells mechanotransduction channel";"Q8TDI7,  Q8TDI8,  Q92508,  Q9H5I5"
SIGNOR-C291;"TIP-LINK complex";"Q13402,  Q495M9,  Q96QU1,  Q9H251,  Q9Y6N9"
SIGNOR-C292;"Caspase-2 PIDDosome";"P42575,  P78560,  Q9HB75"
SIGNOR-C293;"Calprotectin complex";"P05109,  P06702"
SIGNOR-C294;"SAE1/SAE2 complex";"Q9UBE0,  Q9UBT2"
SIGNOR-C295;"BRCC ubiquitin ligase complex";"P46736,  P51587,  Q06609,  Q9NXR7,  SIGNOR-C297"
SIGNOR-C296;"BRCA1-A complex";"P46736,  Q6UWZ7,  Q96RL1,  Q9NWV8,  Q9NXR7,  SIGNOR-C297"
SIGNOR-C297;"BRCA1-BARD1 complex";"P38398,  Q99728"
SIGNOR-C298;"BRCA1-B complex";"CHEBI:49883,  Q92547,  Q9BX63,  SIGNOR-C297"
SIGNOR-C299;"BRCA1-C complex";"CHEBI:29035,  CHEBI:29105,  CHEBI:4705,  Q99708,  SIGNOR-C147,  SIGNOR-C297"
SIGNOR-C300;"Fanconi anemia core complex";"O15287,  O15360,  Q00597,  Q0VG06,  Q8IYD8,  Q8NB91,  Q9BTP7,  Q9HB96,  Q9NPI8,  Q9NW38"
SIGNOR-C301;"D1-D2-G-X3 complex";"O15287,  O43542,  P51587,  Q9BXW9"
SIGNOR-C302;"Fanconi anemia ID complex";"Q9BXW9,  Q9NVI1"
SIGNOR-C303;"LINC complex";"O94901,  Q6ZMZ3,  Q8N205,  Q8N6L0,  Q8NF91,  Q8TAQ9,  Q8TC36,  Q8WXH0,  Q9NPE6,  Q9UH99"
SIGNOR-C304;"Cohesin complex";"O60216,  Q14683,  Q8WVM7,  Q9UQE7,  SIGNOR-PF52"
SIGNOR-C305;"TTM complex";"Q3KP22,  Q8NA31,  Q8NHR7"
SIGNOR-C306;"Shelterin complex";"P54274,  Q15554,  Q9BSI4,  Q9NYB0,  SIGNOR-C64"
SIGNOR-C307;"26S Proteasome";"O00231,  O00232,  O00487,  O14818,  O43242,  P17980,  P20618,  P25786,  P25787,  P25788,  P25789,  P28066,  P28070,  P28072,  P28074,  P35998,  P43686,  P48556,  P49720,  P49721,  P51665,  P55036,  P60896,  P60900,  P62191,  P62195,  P62333,  Q13200,  Q15008,  Q16186,  Q99436,  Q99460,  Q9UNM6"
SIGNOR-C308;"Complement C1q";"P02745,  P02746,  P02747"
SIGNOR-C309;"Complement C1 complex";"P00736,  P09871,  SIGNOR-C308"
SIGNOR-C310;"C3 convertase complex";"P06681,  P0C0L4,  P0C0L5"
SIGNOR-C311;Fibrinogen;"P02671,  P02675,  P02679"
SIGNOR-C312;"C5 convertase complex";"P01024,  SIGNOR-C310"
SIGNOR-C313;"Membrane attack complex";"P01031,  P02748,  P07357,  P07358,  P07360,  P10643,  P13671"
SIGNOR-C314;"C3 convertase complex (C3bBb)";"P00751,  P01024"
SIGNOR-C315;"C5 convertase complex (C3bBbC3b)";P01024
SIGNOR-C316;Thrombin-Thrombomodulin;"P00734,  P07204"
SIGNOR-C317;Fibrin;SIGNOR-C311
SIGNOR-C318;"Factor Va-Xa";"P00742,  P12259"
SIGNOR-C319;"Factor FVIIa:TF";"P08709,  P13726"
SIGNOR-C320;"Factor VIIIa-IXa";"P00451,  P00740"
SIGNOR-C321;"CENP-A nucleosome";"P04908,  P06899,  P49450,  P62805"
SIGNOR-C322;"Nucleosome_H2A.Z.1 variant";"P06899,  P0C0S5,  P62805,  P68431"
SIGNOR-C323;"Nucleosome_H2A.Z.2 variant";"P06899,  P62805,  P68431,  Q71UI9"
SIGNOR-C324;"Nucleosome_H3.1 variant";"P04908,  P06899,  P62805,  P68431,  SIGNOR-PF70"
SIGNOR-C325;"Nucleosome_H3.1t variant";"P04908,  P06899,  P62805,  Q16695"
SIGNOR-C326;"GABA-A (a4-b2-d) receptor";"O14764,  P47870,  P48169"
SIGNOR-C327;"GABA-A (a4-b3-d) receptor";"O14764,  P28472,  P48169"
SIGNOR-C328;"GABA-A (a6-b2-d) receptor";"O14764,  P47870,  Q16445"
SIGNOR-C329;"GABA-A (a6-b3-d) receptor";"O14764,  P28472,  Q16445"
SIGNOR-C330;"GABA-A (a1-b1-g2) receptor";"P14867,  P18505,  P18507"
SIGNOR-C331;"GABA-A (a2-b1-g2) receptor";"P18505,  P18507,  P47869"
SIGNOR-C332;"GABA-A (a3-b1-g2) receptor";"P18505,  P18507,  P34903"
SIGNOR-C333;"GABA-A (a4-b1-g2) receptor";"P18505,  P18507,  P48169"
SIGNOR-C334;"GABA-A (a6-b1-g2) receptor";"P18505,  P18507,  Q16445"
SIGNOR-C335;"GABA-A (a5-b1-g2) receptor";"P18505,  P18507,  P31644"
SIGNOR-C336;"GABA-B receptor";"O75899,  Q9UBS5"
SIGNOR-C337;"MBD2/NuRD complex";"O94776,  Q09028,  Q12873,  Q13330,  Q13547,  Q14839,  Q16576,  Q86YP4,  Q8WXI9,  Q92769,  Q9BTC8,  Q9UBB5"
SIGNOR-C338;"MBD3/NuRD complex";"O94776,  O95983,  Q09028,  Q12873,  Q13330,  Q13547,  Q14839,  Q16576,  Q86YP4,  Q8WXI9,  Q92769,  Q9BTC8"
SIGNOR-C339;"Nucleosome_H3.3 variant";"P04908,  P06899,  P62805,  P84243"
SIGNOR-C340;CERF;"P51531,  Q9BXF3"
SIGNOR-C341;"Condensin I";"O95347,  Q15003,  Q15021,  Q9BPX3,  Q9NTJ3"
SIGNOR-C342;"Condensin II";"O95347,  P42695,  Q6IBW4,  Q86XI2,  Q9NTJ3"
SIGNOR-C343;TFIID;"O00268,  P20226,  P21675,  P49848,  Q12962,  Q15542,  Q15543,  Q15544,  Q15545,  Q16514,  Q16594,  Q5VWG9,  Q6P1X5,  Q7Z7C8"
SIGNOR-C344;"MSL acetyltransferase";"Q68DK7,  Q8N5Y2,  Q9H7Z6,  Q9HCI7"
SIGNOR-C345;SF3a;"Q12874,  Q15428,  Q15459"
SIGNOR-C346;"SNARE_complex ";"P60880,  P63027,  Q16623"
SIGNOR-C347;"NMDA receptor_2A";"Q05586,  Q12879"
SIGNOR-C348;"NMDA receptor_2B";"Q05586,  Q13224"
SIGNOR-C349;"NMDA receptor_2C";"Q05586,  Q14957"
SIGNOR-C350;"NMDA receptor_2D";"O15399,  Q05586"
SIGNOR-C351;Synaptonemal_complex;"A1L190,  Q15431,  Q6PIF2,  Q8IZU3,  Q8N0S2,  Q9BX26,  Q9BXU0"
SIGNOR-C352;"Set1-Ash2 HMT complex";"O15047,  P61964,  Q9UBL3"
SIGNOR-C353;"BHC complex";"O60341,  Q13547,  Q92769,  Q96BD5,  Q9P0W2,  Q9UKL0"
SIGNOR-C354;"Lig4-Xrcc4 complex";"P49917,  Q13426"
SIGNOR-C355;"RAD21L Cohesin complex";"Q14683,  Q9H4I0,  Q9UJ98,  Q9UQE7"
SIGNOR-C356;"Microprocessor complex";"Q8WYQ5,  Q9NRR4"
SIGNOR-C357;"RZZ complex";"O43264,  O95229,  P50748,  Q9H900"
SIGNOR-C358;"NRZ complex";"A2RRP1,  O43264,  Q6NUQ1"
SIGNOR-C360;"MECP2/SIN3A/HDAC complex";"P51608,  Q13547,  Q92769,  Q96ST3"
SIGNOR-C361;"Ndc80 complex";"O14777,  Q8NBT2,  Q9BZD4,  Q9HBM1"
SIGNOR-C362;"MIS12 complex";"Q6P1K2,  Q96IY1,  Q9H081,  Q9H410"
SIGNOR-C363;"KNL1 complex";"O95229,  Q8NG31"
SIGNOR-C364;"SKA complex";"Q8IX90,  Q8WVK7,  Q96BD8"
SIGNOR-C365;"CCAN complex";"A8MT69,  Q03188,  Q13352,  Q5EE01,  Q6IPU0,  Q71F23,  Q7L2Z9,  Q8N0S6,  Q8N2Z9,  Q92674,  Q96BT3,  Q96H22,  Q9BS16,  Q9BU64,  Q9H3R5,  Q9NSP4"
SIGNOR-C366;"KMN network";"SIGNOR-C361,  SIGNOR-C362,  SIGNOR-C363"
SIGNOR-C367;Upf-EJC;"Q92900,  Q9BZI7,  Q9HAU5"
SIGNOR-C368;"SEC61 complex";"P60059,  P60468,  P61619,  Q9H9S3"
SIGNOR-C369;"Exon junction complex";"O15234,  P38919,  P61326,  Q9Y5S9"
SIGNOR-C370;"COPII vesicle";"O15027,  O94855,  O94979,  O95486,  O95487,  P53992,  P55735,  Q15436,  Q15437,  Q9NQW1"
SIGNOR-C371;Nucleosome;"P62805,  SIGNOR-PF68,  SIGNOR-PF69,  SIGNOR-PF70"
SIGNOR-C372;"POMT ";"Q9UKY4,  Q9Y6A1"
SIGNOR-C373;"Rix1 complex";"Q5SY16,  Q8IZL8,  Q9BV38,  Q9H4L4,  Q9NXF1"
SIGNOR-C374;"SMC5/6 ";"Q8IY18,  Q8WV22,  Q96MF7,  Q96MG7,  Q96SB8,  Q9NXX6"
SIGNOR-C375;"RF-C complex";"P35249,  P35250,  P35251,  P40937,  P40938"
SIGNOR-C376;"DNA polymerase delta ";"P28340,  P49005,  Q15054,  Q9HCU8"
SIGNOR-C377;"DNA polymerase epsilon";"P56282,  Q07864,  Q9NR33,  Q9NRF9"
SIGNOR-C378;"DNA polymerase gamma";"P54098,  Q9UHN1"
SIGNOR-C379;ESCRT-III;"O43633,  Q7LBR1,  Q8WUX9,  Q96CF2,  Q96FZ7,  Q9BY43,  Q9H444,  Q9HD42,  Q9NZZ3,  Q9UQN3,  Q9Y3E7"
SIGNOR-C380;"IPP complex";"P0CW19,  P0CW20,  P48059,  Q13418,  Q7Z4I7,  Q9NVD7"
SIGNOR-C381;BLOC-1;"O95295,  P78537,  Q6QNY0,  Q6QNY1,  Q8TDH9,  Q96EV8,  Q9NUP1,  Q9UL45"
SIGNOR-C382;MCC;"O43684,  O60566,  Q12834,  Q13257"
SIGNOR-C383;"Ankyrin complex";"P02724,  P02730,  P06028,  P11166,  P16157,  P16452,  P18577,  Q02094,  Q08722,  Q14773"
SIGNOR-C384;"Erythrocytic spectrin";"P02549,  P11277"
SIGNOR-C385;"Non-erythrocytic spectrin";"Q13813,  SIGNOR-PF73"
SIGNOR-C386;"4.1 complex";"P02730,  P04921,  P11166,  P11171,  P27105,  P35611,  P35612"
SIGNOR-C387;"CFII complex";"O94913,  Q92989"
SIGNOR-C388;"CFI complex";"O43809,  Q16630,  Q8N684"
SIGNOR-C389;"RNA Polymerase III";"O14802,  O15160,  O15318,  O75575,  P05423,  P0DPB6,  P19388,  P52434,  P53803,  P61218,  P62875,  Q9BUI4,  Q9H1D9,  Q9NVU0,  Q9NW08,  Q9Y2Y1,  Q9Y535"
SIGNOR-C390;"RNA Polymerase I";"O15160,  O15446,  O95602,  P0DPB5,  P0DPB6,  P19388,  P52434,  P53803,  P61218,  P62875,  Q3B726,  Q9GZS1,  Q9H9Y6,  Q9P1U0"
SIGNOR-C391;"RNA Polymerase II";"O15514,  P0CAP2,  P19387,  P19388,  P24928,  P30876,  P36954,  P52434,  P52435,  P53803,  P61218,  P62487,  P62875,  Q6EEV4,  Q9GZM3,  Q9H1A7"
SIGNOR-C392;TFIIIC;"Q12789,  Q8WUA4,  Q969F1,  Q9UKN8,  Q9Y5Q8,  Q9Y5Q9"
SIGNOR-C393;TFIIIB;"A6H8Y1,  P20226,  Q92994,  Q9HAW0"
SIGNOR-C394;TFIIF;"P13984,  P35269"
SIGNOR-C395;TFIIA;"P52655,  P52657"
SIGNOR-C396;IDH;"O43837,  P50213,  P51553"
SIGNOR-C397;OGDC;"P09622,  P36957,  Q02218,  Q9ULD0"
SIGNOR-C398;"Succinyl-CoA  ATP variant";"P53597,  Q9P2R7"
SIGNOR-C399;"Succinyl-CoA  GTP variant";"P53597,  Q96I99"
SIGNOR-C400;SDH;"CHEBI:21137,  CHEBI:49601,  CHEBI:49883,  O14521,  P21912,  P31040,  Q99643"
SIGNOR-C401;EIF3_complex;"O00303,  O15371,  O15372,  O75821,  O75822,  P55884,  P60228,  Q13347,  Q14152,  Q7L2H7,  Q99613,  Q9UBQ5,  Q9Y262"
SIGNOR-C402;PDH;"O00330,  P08559,  P09622,  P10515,  P11177,  P29803"
SIGNOR-C403;"EBV gH:gL:gp42";"P03205,  P03212,  P03231"
SIGNOR-C405;"Core mediator complex";"A0JLT2,  O43513,  O60244,  O75448,  O75586,  O95402,  Q13503,  Q15528,  Q15648,  Q6P2C8,  Q71SY5,  Q96G25,  Q96HR3,  Q96RN5,  Q9BTT4,  Q9BUE0,  Q9H204,  Q9H944,  Q9NPJ6,  Q9NVC6,  Q9NWA0,  Q9NX70,  Q9P086,  Q9ULK4,  Q9Y2X0,  Q9Y3C7"
SIGNOR-C406;"CKM complex";"P24863,  P49336,  Q71F56,  Q93074,  Q9UHV7"
SIGNOR-C407;ChAHP;"P83916,  Q13185,  Q14839,  Q9H2P0"
SIGNOR-C408;"Polycomb repressive complex 1";"P35226,  P35227,  P78364,  Q14781,  Q8IXK0,  Q99496"
SIGNOR-C409;Sin3B_complex;"O75182,  Q13547,  Q96QT6,  Q9UBU8"
SIGNOR-C410;Outer_mitochondrial_membrane;"CHEBI:16038,  CHEBI:28874,  CHEBI:64482"
SIGNOR-C411;Inner_mitochondrial_membrane;"CHEBI:16038,  CHEBI:28494,  CHEBI:64482"
SIGNOR-C412;TSH;"P01215,  P01222"
SIGNOR-C413;"NSL histone acetyltransferase";"O15294,  P51610,  P61964,  Q7Z3B3,  Q96EZ8,  Q9BVI0,  Q9H7Z6,  Q9H9L4,  Q9P2N6"
SIGNOR-C414;PCC;"P05165,  P05166"
SIGNOR-C415;NatA;"P41227,  Q9BXJ9"
SIGNOR-C416;"NatB ";"P61599,  Q14CX7"
SIGNOR-C417;NatC;"Q147X3,  Q5VZE5,  Q9BRA0"
SIGNOR-C418;"HIF-1 complex";"P27540,  Q16665"
SIGNOR-C419;ORC;"O43913,  O43929,  Q13415,  Q13416,  Q9UBD5,  Q9Y5N6"
SIGNOR-C420;CyclinA2/CDK1;"P06493,  P20248"
SIGNOR-C421;"TOM40 complex";"O94826,  O96008,  Q15388,  Q8N4H5,  Q96B49,  Q9NS69,  Q9P0U1"
SIGNOR-C422;"SAM complex";"O75431,  Q13505,  Q9Y512"
SIGNOR-C423;"TIM23 complex";"O14925,  O43615,  P38646,  P60602,  Q3ZCQ8,  Q8TAA5,  Q96DA6,  Q99595,  Q9BVV7,  Q9HAV7,  Q9Y3D7,  Q9Y5T4"
SIGNOR-C424;"TIM22 complex";"P62072,  Q53H12,  Q6PF06,  Q9BSF4,  Q9Y584,  Q9Y5J7"
SIGNOR-C425;"Class I MHC";"P61769,  SIGNOR-PF87"
SIGNOR-C426;"Class I MHC:Antigen";"CHEBI:166824,  SIGNOR-C425"
SIGNOR-C427;Ubiquitinated-Viral_Protein;"SIGNOR-PF88,  SIGNOR-PF89"
SIGNOR-C428;"Class II MHC";"SIGNOR-PF90,  SIGNOR-PF91"
SIGNOR-C429;"Class II MHC:Antigen";"CHEBI:166824,  CHEBI:53000,  SIGNOR-C428"
SIGNOR-C430;Î±-D-glucosyl-glycogenin;"CHEBI:58885,  SIGNOR-PF95"
SIGNOR-C431;BMAL1/NPAS2;"O15516,  Q99743"
SIGNOR-C432;CD3;"P04234,  P07766,  P09693,  P20963"
SIGNOR-C433;BCR-Mk;"P0DOX6,  P0DOX7,  P11912,  P40259"
SIGNOR-C434;BCR-Ml;"P0DOX6,  P0DOX8,  P11912,  P40259"
SIGNOR-C435;BCR-Dk;"P0DOX3,  P0DOX7,  P11912,  P40259"
SIGNOR-C436;BCR-Dl;"P0DOX3,  P0DOX8,  P11912,  P40259"
SIGNOR-C437;"Glycine cleavage system";"P09622,  P23378,  P23434,  P48728"
SIGNOR-C439;"CCR4-NOT complex";"A5YKK6,  O75175,  O95628,  Q92600,  Q96LI5,  Q9C0C2,  Q9H9A5,  Q9NZN8,  Q9UFF9,  Q9UIV1,  Q9UKZ1,  Q9ULM6"
SIGNOR-C440;"Cap-binding complex";"P52298,  Q09161"
SIGNOR-C441;"CSTF complex";"P33240,  Q05048,  Q12996"
SIGNOR-C442;SF3b;"O75533,  Q13435,  Q15393,  Q15427,  Q7RTV0,  Q9BWJ5,  Q9Y3B4"
SIGNOR-C443;NF90-NF45;"Q12905,  Q12906"
SIGNOR-C444;"TREX complex";"Q13769,  Q13838,  Q6I9Y2,  Q86V81,  Q86W42,  Q8NI27,  Q96FV9,  Q96J01"
SIGNOR-C445;"Neuronal AP-3";"O14617,  P53677,  P59780,  Q13367"
SIGNOR-C446;"MLL3 complex";"Q8NEZ4,  SIGNOR-C87"
SIGNOR-C447;"B-WICH complex";"CHEBI:18111,  O00159,  O60264,  O75533,  P35659,  Q03468,  Q9BQG0,  Q9NR30,  Q9UIG0"
SIGNOR-C448;HNuRF;"P28370,  Q09028,  Q12830,  Q16576"
SIGNOR-C449;WICH;"O60264,  Q9UIG0"
SIGNOR-C450;GLI1/GLI2;"P08151,  P10070"
SIGNOR-C451;SOX17/POU5F1;"Q01860,  Q9H6I2"
SIGNOR-C452;Ternary_GTP_eIF2_tRNA_complex;"CHEBI:15996,  CHEBI:16635,  P05198,  P20042,  P41091"
SIGNOR-C453;43S_pre_initiation_complex;"P41567,  P55010,  SIGNOR-C286,  SIGNOR-C401,  SIGNOR-C452"
SIGNOR-C454;48S_initiation_complex;"CHEBI:33699,  P23588,  SIGNOR-C44,  SIGNOR-C453"
SIGNOR-C455;80S_cytosolic_ribosome;"CHEBI:33699,  SIGNOR-C286,  SIGNOR-C287"
SIGNOR-C456;"CAK complex";"P50613,  P51946,  P51948"
SIGNOR-C457;TFIIH;"P18074,  P19447,  P32780,  Q13888,  Q13889,  Q6P1K8,  Q6ZYL4,  Q92759,  SIGNOR-C456"
SIGNOR-C458;TFIIE;"P29083,  P29084"
SIGNOR-C459;"NuA4 complex";"O95619,  O96019,  P60709,  Q05BQ5,  Q15014,  Q15906,  Q52LR7,  Q92993,  Q96L91,  Q9H0E9,  Q9H2F5,  Q9HAF1,  Q9NPF5,  Q9NV56,  Q9NXR8,  Q9UBU8,  Q9Y230,  Q9Y265,  Q9Y4A5"
SIGNOR-C460;"EEF1B complex";"P24534,  P26641,  P29692"
SIGNOR-C461;"HIRA complex 1";"P54198,  Q9NPG3,  Q9Y6J0"
SIGNOR-C462;"HIRA complex 2";"P54198,  Q6ZU65,  Q9Y6J0"
SIGNOR-C463;ETF;"CHEBI:456215,  CHEBI:57692,  P13804,  P38117"
SIGNOR-C464;"SL1 complex";"P20226,  Q15572,  Q15573,  Q53T94,  Q9H5J8"
SIGNOR-C465;"SAGA complex";"O15265,  O75486,  O75528,  O75529,  O94864,  Q12962,  Q14CW9,  Q15573,  Q16514,  Q16594,  Q6P1X5,  Q7Z7C8,  Q86TJ2,  Q8NEM7,  Q92830,  Q92831,  Q96BN2,  Q96ES7,  Q9NPA8,  Q9UPT9,  Q9Y4A5,  Q9Y6J9"
SIGNOR-C466;"Elongator complex";"O95163,  Q0PNE2,  Q6IA86,  Q8TE02,  Q96EB1,  Q9H9T3"
SIGNOR-C467;GBAF;"O96019,  P51531,  P60709,  Q15532,  Q4VC05,  Q8WUZ0,  Q92922,  Q96GM5,  Q9BQE9,  Q9H8M2,  Q9NZM4"
SIGNOR-C468;RalGAP1;"Q6GYQ0,  Q86X10"
SIGNOR-C469;RalGAP2;"Q2PPJ7,  Q86X10"
SIGNOR-C470;"SWI/SNF ACTL6A-ARID1A-SMARCA2 variant";"O14497,  O96019,  P51531,  P60709,  Q12824,  Q6STE5,  Q8TAQ2,  Q92922,  Q92925,  Q969G3,  Q96GM5"
SIGNOR-C471;PAF1C;"Q6P1J9,  Q6PD62,  Q8N7H5,  Q8WVC0,  Q92541,  Q9GZS3"
SIGNOR-C472;"Multiaminoacyl-tRNA synthetase";"O43324,  P07814,  P14868,  P41252,  P47897,  P54136,  P56192,  Q12904,  Q13155,  Q15046,  Q9P2J5"
SIGNOR-C473;"Phenylalanyl-tRNA synthetase";"Q9NSD9,  Q9Y285"
SIGNOR-C474;MPO-ANCA;P0DOX5
SIGNOR-C475;Pr3-ANCA;P0DOX5
SIGNOR-C476;"SWI/SNF ACTL6B varian";"O94805,  P51532,  P60709,  Q12824,  Q68CP9,  Q86U86,  Q8TAQ2,  Q8WUB8,  Q92922,  Q92925,  Q969G3,  Q96GM5,  Q9NPI1"
SIGNOR-C477;"Neural progenitor-specific SWI/SNF";"O14497,  O96019,  P51531,  P60709,  Q12824,  Q6STE5,  Q8TAQ2,  Q8WUB8,  Q92922,  Q969G3,  Q96GM5"
SIGNOR-C478;"U4/U6.U5 snRNP complex";"O43172,  O43290,  O75643,  O94906,  O95777,  P09012,  P14678,  P55769,  P62304,  P62306,  P62308,  P62310,  P62312,  P62314,  P62316,  P62318,  P83876,  Q15029,  Q53GS9,  Q6P2Q9,  Q8WVK2,  Q8WWY3,  Q96DI7,  Q9BTD8,  Q9BUQ8,  Q9UK45,  Q9Y333,  Q9Y4Y9,  Q9Y4Z0"
SIGNOR-C479;"U2 snRNP complex";"O43719,  O75533,  P08579,  P09661,  P14678,  P62304,  P62306,  P62308,  P62314,  P62316,  P62318,  Q12874,  Q13435,  Q15393,  Q15427,  Q15428,  Q15459,  Q7L014,  Q7RTV0,  Q8TAD8,  Q9BRD0,  Q9BWJ5,  Q9Y388,  Q9Y3B4"
SIGNOR-C480;"U1 snRNP complex";"P08621,  P09012,  P09234,  P14678,  P62304,  P62306,  P62308,  P62314,  P62316,  P62318"
SIGNOR-C481;"Muscle cell-specific SWI/SNF ARID1A variant";"O14497,  O96019,  P51531,  P60709,  Q12824,  Q6STE5,  Q8TAQ2,  Q92784,  Q92922,  Q92925,  Q969G3,  Q96GM5"
SIGNOR-C482;"Muscle cell-specific SWI/SNF ARID1B variant";"O96019,  P51531,  P60709,  Q12824,  Q6STE5,  Q8NFD5,  Q8TAQ2,  Q92784,  Q92922,  Q92925,  Q969G3,  Q96GM5"
SIGNOR-C483;"Muscle cell-specific SWI/SNF SMARCA4 variant";"O14497,  O94805,  P51532,  P60709,  Q12824,  Q6STE5,  Q8TAQ2,  Q92784,  Q92922,  Q92925,  Q969G3,  Q96GM5"
SIGNOR-C484;"Embryonic stem cell-specific SWI/SNF";"O14497,  O96019,  P51532,  P60709,  Q12824,  Q4VC05,  Q8WUB8,  Q8WUZ0,  Q92785,  Q92922,  Q969G3,  Q96GM5,  Q9BQE9"
SIGNOR-C485;"Brain-specific SWI/SNF SMARCA2 variant";"O14497,  O94805,  P51531,  P60709,  Q12824,  Q8TAQ2,  Q92925,  Q969G3"
SIGNOR-C486;"Brain-specific SWI/SNF SMARCA4 variant";"O14497,  O94805,  P51532,  P60709,  Q12824,  Q8TAQ2,  Q92925,  Q969G3"
SIGNOR-C487;"COP9 signalosome variant 2";"P61201,  Q13098,  Q7L5N1,  Q92905,  Q99627,  Q9BT78,  Q9H9Q2,  Q9UNS2"
SIGNOR-C489;"COP9 signalosome variant 1";"P61201,  Q13098,  Q7L5N1,  Q92905,  Q99627,  Q9BT78,  Q9UBW8,  Q9UNS2"
SIGNOR-C491;"Exocyst_EXOC6B variant";"O00471,  O60645,  Q8IYI6,  Q96A65,  Q96KP1,  Q9NV70,  Q9UPT5,  Q9Y2D4"
SIGNOR-C492;"Exocyst_EXOC6 variant";"O00471,  O60645,  Q8IYI6,  Q8TAG9,  Q96A65,  Q96KP1,  Q9NV70,  Q9UPT5"
SIGNOR-C493;EEF1A:GTP:aa-tRNA;"CHEBI:15996,  CHEBI:2651,  P68104"
SIGNOR-C494;"Translation release factor ERF1-ERF3";"CHEBI:15996,  P15170,  P62495"
SIGNOR-C495;"Ub:E1 (UBA1 substrate)";"P22314,  SIGNOR-PF89"
SIGNOR-C496;"Ub:E1 (UBA6 substrate)";"A0AVT1,  SIGNOR-PF89"
SIGNOR-C497;Ub:E2;"SIGNOR-PF105,  SIGNOR-PF89"
SIGNOR-C498;"INO80 complex";"O96019,  P0C1Z6,  P25490,  Q53TQ3,  Q6P4R8,  Q6PI98,  Q8NBZ0,  Q96EZ8,  Q9C086,  Q9H981,  Q9H9F9,  Q9ULG1,  Q9Y230,  Q9Y265,  Q9Y5K5"
SIGNOR-C499;MCU_MICUB_variant;"Q8IYU8,  Q8NE86,  Q9BPX6,  Q9H4I9,  Q9NWR8"
SIGNOR-C500;MCU_MICU1_variant;"Q8NE86,  Q9BPX6,  Q9H4I9"
SIGNOR-C501;" MCU_MICU3_variant";"Q86XE3,  Q8NE86,  Q9BPX6,  Q9H4I9"
SIGNOR-C502;MCU_MICU2_variant;"Q8IYU8,  Q8NE86,  Q9BPX6,  Q9H4I9"
SIGNOR-C503;Scribble_complex_DLG2-LLGL2_variant;"Q14160,  Q15700,  Q6P1M3"
SIGNOR-C504;Scribble_complex_DLG3-LLGL2_variant;"Q14160,  Q6P1M3,  Q92796"
SIGNOR-C505;Scribble_complex_DLG4-LLGL2_variant;"P78352,  Q14160,  Q6P1M3"
SIGNOR-C506;Scribble_complex_DLG5-LLGL2_variant;"Q14160,  Q6P1M3,  Q8TDM6"
SIGNOR-C507;Scribble_complex_DLG3-LLGL1_variant;"Q14160,  Q15334,  Q92796"
SIGNOR-C508;Scribble_complex_DLG5-LLGL1_variant;"Q14160,  Q15334,  Q8TDM6"
SIGNOR-C509;Scribble_complex_DLG4-LLGL1_variant;"P78352,  Q14160,  Q15334"
SIGNOR-C510;Scribble_complex_DLG2-LLGL1_variant;"Q14160,  Q15334,  Q15700"
SIGNOR-C511;Scribble_complex_DLG1-LLGL1_variant;"Q12959,  Q14160,  Q15334"
SIGNOR-C513;"Prefoldin co-chaperone";"O15212,  O60925,  P61758,  Q99471,  Q9NQP4,  Q9UHV9"
SIGNOR-C514;"URI1 prefoldin co-chaperone";"O15212,  O94763,  Q9NUG6,  Q9UBK9,  Q9UHV9"
SIGNOR-C515;"R2TP core co-chaperone";"Q9H6T3,  Q9NWS0,  Q9Y230,  Q9Y265"
SIGNOR-C516;"PAQosome co-chaperone complex";"L0R819,  P19388,  Q96MX6,  SIGNOR-C514,  SIGNOR-C515"
SIGNOR-C517;"R2SP co-chaperone";"Q07617,  Q8WWB5,  Q9Y230,  Q9Y265"
SIGNOR-C518;"Ub:HECT_E3 ";"SIGNOR-PF104,  SIGNOR-PF89"
SIGNOR-C519;Ub:RING_E3;"SIGNOR-PF106,  SIGNOR-PF89"
SIGNOR-C520;Ub:RBR_E3;"SIGNOR-PF107,  SIGNOR-PF89"
SIGNOR-C521;NELF;"P18615,  Q8IXH7,  Q8WX92,  Q9H3P2"
SIGNOR-C522;"BAF250b E3 ligase";"P62877,  Q13617,  Q15369,  Q8NFD5"
SIGNOR-C523;KPC;"Q5XPI4,  Q9BSL1"
SIGNOR-C524;VCB-Cul2;"P40337,  P62877,  Q13617,  Q15369,  Q15370"
SIGNOR-C525;SCF-FBW2;"P63208,  Q13616,  Q9UKT8"
SIGNOR-C526;"Cullin 3-RBX1-Skp1";"P62877,  P63208,  Q13618"
SIGNOR-C527;LUBAC;"Q96EP0,  Q9BYM8"
SIGNOR-C528;"Cullin 7-RBX1-Skp1";"P62877,  P63208,  Q14999"
SIGNOR-C529;"Cullin 1-RBX1-Skp1";"P62877,  P63208,  Q13616"
SIGNOR-C530;EDVP;"O95071,  Q16531,  Q9Y4B6"
SIGNOR-C531;"Elongin E3-Cul-5";"Q15369,  Q15370,  Q93034,  Q9UBF6"
SIGNOR-C532;Erlin;"O75477,  O94905"
SIGNOR-C533;SCF(TBL1);"O60907,  P25054,  P63208,  Q8IUQ4,  Q9UHX1"
SIGNOR-C534;PRP19-CDC5L;"O43660,  O75934,  P11142,  Q8WYA6,  Q99459,  Q9P013,  Q9UMS4"
SIGNOR-C535;"OST-A complex";"A0A024RAD5,  P04843,  P04844,  P0C6T2,  P46977,  P61165,  P61803,  Q9NRP0"
SIGNOR-C536;"OST-B complex";"P04843,  P04844,  P0C6T2,  P39656,  P61165,  P61803,  Q14165,  Q8TCJ2,  Q9H0U3"
SIGNOR-C537;"Skp1-Pam E3";"O75592,  P63208"
SIGNOR-C538;"MITRAC complex";"Q7Z7K0,  Q96I36,  Q9BVV7,  Q9GZY4,  Q9Y2R0"
SIGNOR-C539;TRiC;"P17987,  P40227,  P48643,  P49368,  P50990,  P50991,  P78371,  Q99832"
SIGNOR-C540;CyclinY/CDK16;"Q00536,  Q8ND76"
SIGNOR-C541;CyclinY/CDK14;"O94921,  Q8ND76"
SIGNOR-C542;CyclinD3/CDK11A;"P30281,  Q9UQ88"
SIGNOR-C543;CyclinD3/CDK11B;"P21127,  P30281"
SIGNOR-C544;CyclinC/CDK19;"P24863,  Q9BWU1"
SIGNOR-C545;CyclinC/CDK3;"P24863,  Q00526"
SIGNOR-C546;CyclinE1/CDK3;"P24864,  Q00526"
SIGNOR-C547;CyclinA2/CDK18;"P20248,  Q07002"
SIGNOR-C548;"Iws1:Spt6:CTD complex";"Q7KZ85,  Q96ST2,  Q9BYW2"
SIGNOR-C549;"HOPS tethering complex";"P49754,  Q96AX1,  Q96JC1,  Q9H269,  Q9H270,  Q9P253"
SIGNOR-C550;"CORVET tethering complex";"Q8N3P4,  Q8WUH2,  Q96AX1,  Q9H269,  Q9H270,  Q9P253"
SIGNOR-C551;"STX17-VAMP8 SNARE complex";"O95721,  P56962,  Q9BV40"
SIGNOR-C552;STK35/PDIK1L;"Q8N165,  Q8TDR2"
SIGNOR-C553;"PAN2-PAN3 deadenylation complex";"Q504Q3,  Q58A45"
SIGNOR-C554;CPC;"O15392,  Q53HL2,  Q96GD4,  Q9NQS7"
