ID,Ontology Source,Term,GOLevels,GOGroups,Nr. Genes,% Associated Genes,Term PValue,Term PValue Corrected with Bonferroni step down,Group PValue,Group PValue Corrected with Bonferroni step down,Associated Genes Found,All Associated Genes,OverViewTerm,Genes Cluster #1,%Genes Cluster #1,Genes Cluster #2,%Genes Cluster #2
GO:0001649,GO_BiologicalProcess-EBI-UniProt-GOA-ACAP-ARAP_25.05.2022_00h00,osteoblast differentiation,"[3, 4]",[Group00],6,8.1081085,7.953112652031626E-5,0.014792789532778823,{Group00=7.953112652031626E-5},{Group00=5.567178856422138E-4},"[GLI1, PTCH1, PTK2, SKI, SOX2, YAP1]","[ACHE, ACVR1, ACVR2A, ACVR2B, ATF4, ATRAID, BAMBI, BGLAP, BMP2, BMP4, BMP6, BMP7, BMPR1A, BMPR1B, BMPR2, CCL3, CCN1, CCN4, CCNA2, CDK6, CHRD, CRIM1, CTNNB1, CTNNBIP1, CYP24A1, DDR2, FBXO5, FERMT2, FGF23, FZD1, GLI1, GREM1, GSK3B, HDAC7, HDAC9, IFITM1, IGF1, IL6, IL6ST, LEF1, LRP3, LRP5, LTF, MEN1, MYOC, NELL1, NOG, PPARG, PPP3CA, PRKACA, PRKCA, PTCH1, PTK2, RUNX2, SCUBE3, SFRP1, SKI, SMAD6, SMOC1, SNAI1, SNAI2, SOX11, SOX2, SP7, TMEM119, TNFAIP6, TP63, TWIST1, TWIST2, WNT3, WNT4, WWTR1, YAP1, ZHX3]",TRUE,"[GLI1, PTCH1, PTK2, SKI, SOX2, YAP1]",64.36363467588974,"[PTCH1, SOX2]",35.63636562415524
GO:0006977,GO_BiologicalProcess-EBI-UniProt-GOA-ACAP-ARAP_25.05.2022_00h00,"DNA damage response, signal transduction by p53 class mediator resulting in cell cycle arrest","[6, 7, 8, 9, 10, 11, 12, 13]",[Group13],3,33.333332,7.209157595697552E-5,0.013553216279911398,{Group13=4.705859040146704E-6},{Group13=5.176444944161375E-5},"[CDKN1A, MDM2, TP53]","[CASP2, CDKN1A, CRADD, MDM2, MUC1, PIDD1, PRAP1, RPL26, TP53]",FALSE,"[CDKN1A, MDM2, TP53]",64.36363332373524,[TP53],35.63636487550467
GO:0007179,GO_BiologicalProcess-EBI-UniProt-GOA-ACAP-ARAP_25.05.2022_00h00,transforming growth factor beta receptor signaling pathway,"[5, 6, 7, 8]",[Group05],7,5.785124,1.7139780467524297E-4,0.030851604841543735,{Group05=1.7139780467524297E-4},{Group05=6.855912187009719E-4},"[CREBBP, PIN1, PTK2, SDCBP, SKI, SMAD3, STAT3]","[ACVR1, ACVRL1, ADAM17, ADAM9, ADAMTSL2, APLP2, APOA1, APPL1, APPL2, ARRB2, ASPN, BAMBI, BCL9, BCL9L, BMP2, C20orf27, CAV1, CD109, CDH5, CDKN1C, CDKN2B, CITED1, CLDN5, COL1A2, COL3A1, CREBBP, DAB2, EID2, ENG, EP300, FERMT2, FKBP1A, FLCN, FOS, FSHB, GARS1, GCNT2, GPI, HIPK2, HPGD, HSP90AB1, HSPA1A, IL17F, ING2, ING3, INGX, ITGA3, ITGB1, ITGB5, JUN, LDLRAD4, LEMD3, LRG1, LRRC32, LTBP1, MEN1, NKX2-1, NLK, PBLD, PDPK1, PDZD2, PEG10, PIN1, PMEPA1, PPARA, PPARG, PPM1A, PRDM16, PSG4, PSG9, PTK2, PTPRK, PXDN, PXN, SDCBP, SIRT1, SKI, SKOR2, SLC2A10, SMAD1, SMAD2, SMAD3, SMAD4, SMAD6, SMAD7, SMURF1, SMURF2, SNW1, SNX25, SNX6, SOX11, SRC, SRFBP1, STAT3, STK11, STRAP, STUB1, TGFB1, TGFB1I1, TGFB2, TGFB3, TGFBR1, TGFBR2, TGFBR3, THBS1, TRIM33, TWSG1, USP15, USP9X, VASN, VEPH1, WFIKKN1, WFIKKN2, ZBTB7A, ZEB2, ZFYVE9, ZMIZ1, ZMIZ2, ZNF451, ZNF703, ZYX]",TRUE,"[CREBBP, PIN1, PTK2, SDCBP, SKI, SMAD3, STAT3]",80.82191209797533,[CREBBP],19.178082409447168
GO:0010942,GO_BiologicalProcess-EBI-UniProt-GOA-ACAP-ARAP_25.05.2022_00h00,positive regulation of cell death,"[3, 4, 5]",[Group12],15,4.2735043,1.3646347495190027E-6,2.7838548890187653E-4,{Group12=6.795177732840325E-9},{Group12=9.513248825976455E-8},"[ADIPOQ, DDX3X, FASN, FBXW7, HTT, LRRK2, MAP3K5, PTEN, RNPS1, SYK, TLE5, TP53, TP53BP2, TRAF2, TRIM35]","[ABL1, ACER2, ACOX2, ACVR1C, ADAMTSL4, ADIPOQ, AGT, AGTR2, AGXT, AIFM2, AKR1C3, ANKRD1, ANO6, APBB1, APC, ARHGEF7, ARL6IP5, ATF3, ATF6, ATG7, ATM, AXIN2, BACE1, BAD, BAK1, BARD1, BAX, BBC3, BCAP31, BCL10, BCL2L11, BCL6, BCLAF1, BECN1, BID, BIN1, BMF, BMP2, BMP4, BNIP3, BNIP3L, BOK, BRMS1, BRMS1L, BTG1, C1D, C1QBP, C3orf38, CALCR, CALHM2, CASP2, CASP6, CASP9, CAV1, CCAR1, CCAR2, CCL2, CCL5, CD160, CD274, CD36, CD40, CD40LG, CDKN1B, CDKN2A, CELF1, CIDEB, CLEC7A, CLIP3, CLSTN1, CLU, CRADD, CTLA4, CTNNB1, CTNNBL1, CTSD, CYLD, DAB2IP, DAPK1, DAPK3, DAXX, DCUN1D3, DDIT3, DDX20, DDX3X, DEDD2, DLC1, DLEC1, DNAJA1, DNM1L, DUSP6, DYNLL1, E2F1, E2F3, ECSCR, ECT2, EFNB2, EIF2S1, EIF4G1, EIF5A, EIF5AL1, EMILIN2, ERCC3, FADD, FAF1, FAM162A, FANK1, FAS, FASLG, FASN, FBH1, FBXW7, FCER2, FIS1, FOXA1, FOXL2, FOXO1, FOXO3, FRZB, G0S2, GADD45A, GADD45B, GADD45G, GPLD1, GSDME, GSK3B, GSN, GZMA, HBA1, HBB, HCAR2, HDAC6, HEBP2, HIP1R, HLA-G, HMGB1, HOXA5, HP, HPR, HRG, HRK, HSPD1, HTATIP2, HTRA2, HTT, IDO1, IFIT2, IFNB1, IFNG, IGF2BP1, IGFBP3, IL10, IL12A, IL12B, IL6, ING3, ING4, ING5, INHBA, IP6K2, IRF5, ITGA4, ITGA6, ITGB1, JUN, KCNMA1, KLF11, KRT89P, LAPTM5, LCK, LGALS1, LGALS16, LGALS2, LGALS3, LGALS9, LILRB1, LOC102724428, LOC654780, LRP1, LRRK2, LTBR, LTK, MAP3K20, MAP3K5, MAPT, MCL1, MFN2, MLLT11, MNDA, MOAP1, MSX1, MT3, MTCH1, MYBBP1A, MYC, NACC2, NANOS2, NCK1, NET1, NEURL1, NKX3-1, NLRC4, NLRP2B, NOS2, NRG1, NUPR1, OLFM1, OMA1, PAK2, PANO1, PCSK9, PDCD1, PDCD2, PDCD4, PDCD5, PHB1, PHLDA3, PICALM, PIK3CB, PIK3CD, PIP5KL1, PKN2, PLA2G1B, PLA2R1, PLCG1, PLEKHN1, PMAIP1, PML, PPARG, PPID, PPP2R1B, PRDM11, PRELID1, PRF1, PRKCI, PRMT2, PRNP, PROC, PRODH, PRPF38B, PRR7, PTEN, PTGIS, PTPA, PTPRA, PTRH2, PYCARD, QRICH1, RACK1, RAMP3, RAPGEF2, RASSF2, RBM5, REST, RFPL1, RGCC, RHOB, RIPK1, RIPK2, RIPK3, RNF122, RNF183, RNPS1, RPL26, RPS3, RPS6, RPS6KA2, RPS7, RRP1B, RYBP, S100A8, S100A9, SAP18, SARM1, SCIN, SCRIB, SEPTIN4, SFPQ, SFRP1, SFRP2, SFRP4, SHQ1, SIAH1, SIK1, SIRT1, SLC27A4, SLC6A13, SLC6A2, SLC6A4, SLC6A5, SLC6A6, SLC9A3R1, SLFN11, SLIT2, SMPD1, SNCA, SOD1, SOD2, SOD2-OT1, SOX4, SPDEF, SPHK2, STK17A, STK17B, STK4, STPG1, STYXL1, SUDS3, SYK, TANK, TCTN3, TFAP2A, TFAP2B, TFAP4, TGFB2, TGFBR1, TGM2, THBS1, TIMP3, TLE5, TNF, TNFAIP8, TNFRSF12A, TNFRSF8, TNFSF10, TNFSF12, TOP2A, TP53, TP53BP2, TP63, TPD52L1, TRAF2, TRAF7, TRIM13, TRIM35, TRIM39, TSPAN1, UBB, UBD, UBE2Z, UNC13B, USP17L24, UTP11, WNT10B, ZBP1, ZC3H12A, ZC3H8, ZNF268, ZNF395, ZNF622, ZNF746]",FALSE,"[ADIPOQ, DDX3X, FASN, FBXW7, HTT, LRRK2, MAP3K5, PTEN, RNPS1, SYK, TLE5, TP53, TP53BP2, TRAF2, TRIM35]",69.30305347414685,"[DDX3X, FBXW7, PTEN, TP53]",30.696948236830618
GO:0016055,GO_BiologicalProcess-EBI-UniProt-GOA-ACAP-ARAP_25.05.2022_00h00,Wnt signaling pathway,"[4, 5, 6, 7]",[Group10],11,4.5643153,2.130541966161696E-5,0.004111945994692073,{Group10=2.4821992623870928E-5},{Group10=1.9857594099096743E-4},"[CSNK2A1, DDX3X, DISC1, GLI1, LRRK2, PIN1, PTEN, SOX13, SOX2, TERT, TLE5]","[ADGRA2, ALPK2, AMER1, AMER2, AMFR, ANAPC2, APC, APC2, APCDD1, APOE, ARL4D, ARL6, ATP6AP2, ATP6V0C, ATP6V1C2, AXIN1, AXIN2, BAMBI, BICC1, BMP2, CAPRIN2, CAV1, CBY1, CCAR2, CCDC88C, CCL14, CCNY, CDC73, CDH15, CDH3, CDK14, CHD8, CMAHP, COL1A1, CPE, CSNK1A1, CSNK1D, CSNK1E, CSNK2A1, CSNK2A2, CTNNB1, CTNND1, CTNND2, CXXC4, CYLD, DAB2, DAB2IP, DACT1, DACT3, DAPK3, DCDC2, DDX3X, DEPDC1B, DISC1, DIXDC1, DKK1, DKK2, DKK3, DVL1, DVL1P1, DVL2, DVL3, EGF, EGFR, EMD, FAM53B, FERMT2, FRAT1, FRZB, FZD1, FZD10, FZD2, FZD3, FZD4, FZD5, FZD6, FZD7, FZD8, FZD9, GID8, GLI1, GLI3, GNAQ, GPC3, GPC4, GRB10, GREM1, GSK3B, GSKIP, HDAC1, HHEX, HIC1, ILK, INVS, ITGA3, JADE1, JRK, KANK1, KLHL12, LATS1, LATS2, LEF1, LGR4, LGR5, LGR6, LRP4, LRP5, LRP6, LRRK1, LRRK2, MAD2L2, MCC, MDFIC, MLLT3, MRPS12, MYOC, NCOA3, NFKB1, NKD1, NKD2, NOG, NOTUM, NPHP3, NPHP3-ACAD11, NPHP4, NRARP, NXN, OTUD5, PDZD2, PFDN5, PIN1, PKD1, PLEKHA4, PPM1A, PRICKLE1, PRKN, PROC, PTEN, PTK7, PTPRU, RAB5A, RAC3, RBMS3, RNF146, RNF213, RNF220, RNF43, RNU6-664P, ROR1, RORA, RPS12, RSPO1, RSPO2, RSPO3, RSPO4, RUVBL1, RUVBL2, SALL1, SCEL, SCYL2, SDHAF2, SFRP1, SFRP2, SFRP4, SFRP5, SIAH1, SIAH2, SLC25A23, SLC9A3R1, SMARCA4, SNAI2, SNX3, SOST, SOSTDC1, SOX13, SOX17, SOX2, SOX30, SOX7, SPIN1, SPNS1, STK11, STK24, STK3, STK4, STRN, SULF1, SULF2, TBL1X, TBL1XR1, TCF7L2, TERT, TGFB1, TLE1, TLE2, TLE5, TLR2, TMEM131L, TMEM170B, TMEM198, TMEM237, TMEM88, TMEM9, TMX2-CTNND1, TNKS, TNKS2, TRABD2A, TRABD2B, TRPM4, UBAC2, UBR5, USP34, USP47, USP8, VCP, VGLL4, WLS, WNK1, WNK2, WNT1, WNT10A, WNT10B, WNT11, WNT2, WNT2B, WNT3, WNT3A, WNT4, WNT5A, WNT7A, WNT7B, WNT8A, WNT8B, WNT9A, WNT9B, WWOX, WWTR1, XIAP, ZEB2, ZNRF3, ZRANB1]",FALSE,"[CSNK2A1, DDX3X, DISC1, GLI1, LRRK2, PIN1, PTEN, SOX13, SOX2, TERT, TLE5]",62.343897681614315,"[DDX3X, PTEN, SOX2, TERT]",37.65610153346996
GO:0018205,GO_BiologicalProcess-EBI-UniProt-GOA-ACAP-ARAP_25.05.2022_00h00,peptidyl-lysine modification,"[6, 7]",[Group04],12,4.347826,1.4316141335866913E-5,0.002791647560494048,{Group04=1.4316141335866913E-5},{Group04=1.2884527202280222E-4},"[BCOR, BRCA2, CREBBP, KMT2C, KMT2D, MAGEA2, MDM2, SMARCB1, SUMO1, UBE2I, WBP2, WDR5]","[ACTB, ACTL6A, ANTKMT, ARRB1, ASH1L, ASH2L, ATAT1, ATF2, ATPSCKMT, ATRX, ATXN7, ATXN7L3, AUTS2, AUTS8, BAG6, BCOR, BEND3, BLOC1S1, BRCA1, BRCA2, BRD1, BRD4, BRD7, BRD8, BRPF1, BRPF3, CAMK1, CAPN3, CBX4, CDKN2A, CHD5, CHD6, CLOCK, CREBBP, CSKMT, CTBP1, CTCFL, CTH, CTNNB1, CTR9, CXXC1, DHPS, DMAP1, DNMT1, DNMT3B, DOHH, DOT1L, DPY30, DR1, EEF1AKMT1, EEF1AKMT2, EEF1AKMT3, EEF2KMT, EGR1, EHMT1, EHMT2, EID1, ENY2, EP300, EP400, EPC1, EPC2, ESCO1, ETFBKMT, EZH2, EZHIP, FOXP3, GCSH, GDNF, GET1, GLYR1, GNL3, GNL3L, H1-5, HAT1, HCFC1, HDAC10, HDAC4, HDAC5, HDAC6, HDAC9, HINT1, IFIH1, ING3, ING4, ING5, IWS1, JADE1, JADE2, JADE3, JMJD6, KALRN, KANSL1, KANSL2, KANSL3, KAT14, KAT2A, KAT2B, KAT5, KAT6A, KAT6B, KAT7, KAT8, KIAA1586, KLF15, KMT2A, KMT2B, KMT2C, KMT2D, KMT2E, KMT5A, LEF1, LIF, LIPT2, LOX, LOXL2, LOXL3, MACROH2A1, MAGEA2, MAP3K7, MAPK3, MBIP, MBTD1, MCM3AP, MCRS1, MDM2, MEAF6, MEN1, METTL18, METTL21A, METTL21C, MORF4L1, MORF4L2, MRGBP, MSL1, MSL2, MSL3, MUC1, MUL1, MYB, N6AMT1, NAA40, NAA50, NAA60, NAT8, NAT8B, NCOA3, NDUFAB1, NFYA, NFYB, NFYC, NOC2L, NSD1, NSD3, NSMCE2, OGT, PARK7, PAXIP1, PER1, PHF1, PHF19, PHF20, PIAS1, PIAS2, PIAS3, PIAS4, PIH1D1, PLOD1, PLOD2, PLOD3, PML, POLE3, POTEF, PRDM12, PRDM5, PRDM7, PRDM9, PWWP2A, RANBP2, RANGAP1, RAPGEF3, RBBP5, RNF113A, RPS6KA4, RPS6KA5, RUVBL1, RUVBL2, RWDD3, SAE1, SDR16C5, SENP1, SENP2, SENP3, SENP6, SETD1A, SETD1B, SETD2, SETD3, SETD4, SETD6, SETD7, SETDB2, SETMAR, SGF29, SIN3A, SIRT1, SIRT2, SIRT3, SIRT5, SIRT7, SMARCB1, SMYD2, SNCA, SNW1, SOX4, SPHK2, SPI1, STX1A, SUMO1, SUMO1P1, SUMO2, SUMO3, SUMO4, SUPT3H, SUPT6H, SUPT7L, TADA1, TADA2A, TADA3, TAF1, TAF10, TAF12, TAF2, TAF4, TAF5, TAF5L, TAF6, TAF6L, TAF7, TAF9, TET2, TET3, THAP7, TMEM98, TOPORS, TRIM16, TRIM27, TRIM28, TRMT112, TRPM4, TRRAP, TTLL12, UBA2, UBE2I, UHRF2, USP22, USPL1, VCPKMT, VIPAS39, VPS33B, VPS72, VSIG2, WBP2, WDR5, WDR61, WDR82, WDR82P1, YEATS2, YEATS4, ZBED1, ZMIZ1, ZNF274, ZNF304, ZNF335, ZNF451, ZZZ3]",TRUE,"[BCOR, BRCA2, CREBBP, KMT2C, KMT2D, MAGEA2, MDM2, SMARCB1, SUMO1, UBE2I, WBP2, WDR5]",64.36363527369635,"[BCOR, BRCA2, CREBBP, KMT2D]",35.636365955144235
GO:0030111,GO_BiologicalProcess-EBI-UniProt-GOA-ACAP-ARAP_25.05.2022_00h00,regulation of Wnt signaling pathway,"[4, 5, 6, 7, 8]",[Group10],10,5.2083335,1.6627095704547516E-5,0.003225656566682218,{Group10=2.4821992623870928E-5},{Group10=1.9857594099096743E-4},"[CSNK2A1, DDX3X, DISC1, GLI1, LRRK2, PIN1, SOX13, SOX2, TERT, TLE5]","[ADGRA2, ALPK2, AMER1, AMER2, AMFR, ANAPC2, APC, APC2, APCDD1, APOE, ATP6AP2, ATP6V0C, ATP6V1C2, AXIN1, AXIN2, BAMBI, BICC1, BMP2, CAPRIN2, CAV1, CBY1, CCAR2, CCDC88C, CCL14, CCNY, CDC73, CDH15, CDH3, CDK14, CHD8, CMAHP, COL1A1, CSNK1A1, CSNK1D, CSNK2A1, CSNK2A2, CTNND1, CTNND2, CXXC4, CYLD, DAB2, DAB2IP, DACT1, DACT3, DAPK3, DCDC2, DDX3X, DEPDC1B, DISC1, DKK1, DKK2, DKK3, EGF, EGFR, EMD, FAM53B, FRAT1, FRZB, FZD6, FZD7, GID8, GLI1, GLI3, GNAQ, GPC3, GRB10, GREM1, GSK3B, GSKIP, HDAC1, HHEX, HIC1, ILK, INVS, ITGA3, JADE1, JRK, KANK1, LATS1, LATS2, LGR4, LGR5, LGR6, LRP4, LRRK1, LRRK2, MAD2L2, MCC, MDFIC, MLLT3, MRPS12, NFKB1, NKD1, NKD2, NOG, NOTUM, NPHP3, NPHP3-ACAD11, NPHP4, NRARP, OTUD5, PDZD2, PFDN5, PIN1, PLEKHA4, PPM1A, PRICKLE1, PRKN, PROC, PTK7, PTPRU, RBMS3, RNF146, RNF213, RNF220, RNF43, RPS12, RSPO1, RSPO2, RSPO3, RSPO4, RUVBL1, RUVBL2, SALL1, SCEL, SCYL2, SDHAF2, SFRP1, SFRP2, SFRP4, SFRP5, SIAH2, SLC25A23, SLC9A3R1, SMARCA4, SNAI2, SNX3, SOST, SOSTDC1, SOX13, SOX17, SOX2, SOX30, SOX7, SPIN1, SPNS1, STK11, STK24, STK3, STK4, SULF1, SULF2, TBL1X, TBL1XR1, TCF7L2, TERT, TGFB1, TLE1, TLE2, TLE5, TLR2, TMEM131L, TMEM170B, TMEM198, TMEM237, TMEM88, TMEM9, TMX2-CTNND1, TNKS, TNKS2, TRABD2A, TRABD2B, TRPM4, UBAC2, UBR5, USP34, USP47, USP8, VCP, VGLL4, WLS, WNK1, WNK2, WNT11, WNT3A, WNT5A, WWOX, WWTR1, XIAP, ZEB2, ZNRF3, ZRANB1]",TRUE,"[CSNK2A1, DDX3X, DISC1, GLI1, LRRK2, PIN1, SOX13, SOX2, TERT, TLE5]",66.74207843107659,"[DDX3X, SOX2, TERT]",33.257919775919035
GO:0030177,GO_BiologicalProcess-EBI-UniProt-GOA-ACAP-ARAP_25.05.2022_00h00,positive regulation of Wnt signaling pathway,"[4, 5, 6, 7, 8, 9]",[Group10],6,6.8965516,1.9581459306116476E-4,0.035050812157948495,{Group10=2.4821992623870928E-5},{Group10=1.9857594099096743E-4},"[CSNK2A1, DDX3X, DISC1, LRRK2, PIN1, TERT]","[ADGRA2, AMER1, ATP6AP2, ATP6V0C, ATP6V1C2, BAMBI, CAPRIN2, CAV1, CCAR2, CDC73, CDH15, CDH3, COL1A1, CSNK1D, CSNK2A1, CSNK2A2, DAB2, DACT1, DAPK3, DDX3X, DEPDC1B, DISC1, DKK2, EGF, EGFR, FAM53B, FRAT1, GID8, GPC3, GSKIP, HHEX, ILK, JRK, KANK1, LGR4, LGR5, LGR6, LRRK1, LRRK2, MLLT3, MRPS12, NFKB1, NRARP, PDZD2, PIN1, PLEKHA4, PPM1A, PTK7, RNF146, RNF220, RPS12, RSPO1, RSPO2, RSPO3, RSPO4, RUVBL1, SALL1, SCEL, SFRP1, SFRP4, SMARCA4, SPIN1, SPNS1, SULF1, SULF2, TBL1X, TBL1XR1, TERT, TGFB1, TLR2, TMEM198, TMEM9, TNKS, TNKS2, TRPM4, UBR5, USP34, USP47, USP8, VCP, WLS, WNK1, WNK2, WNT3A, XIAP, ZEB2, ZRANB1]",FALSE,"[CSNK2A1, DDX3X, DISC1, LRRK2, PIN1, TERT]",64.36363467588974,"[DDX3X, TERT]",35.63636562415524
GO:0031061,GO_BiologicalProcess-EBI-UniProt-GOA-ACAP-ARAP_25.05.2022_00h00,negative regulation of histone methylation,"[4, 5, 6, 7, 8, 9, 10]",[Group07],3,27.272728,1.3961377886382025E-4,0.025549321532079106,{Group07=1.3961377886382025E-4},{Group07=6.980688943191012E-4},"[BCOR, SMARCB1, WDR5]","[BCOR, BRCA1, DNMT1, DNMT3B, EZHIP, MACROH2A1, PHF1, PIH1D1, SMARCB1, SUPT6H, WDR5]",TRUE,"[BCOR, SMARCB1, WDR5]",64.36363332373524,[BCOR],35.63636487550467
GO:0031396,GO_BiologicalProcess-EBI-UniProt-GOA-ACAP-ARAP_25.05.2022_00h00,regulation of protein ubiquitination,"[7, 8, 9]",[Group14],10,6.4935064,2.3412708817215193E-6,4.729367181077469E-4,{Group14=5.569648423469341E-7},{Group14=6.6835781081632085E-6},"[BMI1, DDX3X, FBXW7, LRRK2, MAGEA2, PIN1, PPIA, PTEN, SKP1, SUMO1]","[ABL1, AKT1, AMER1, ANGPT1, ARRB1, ARRB2, ARRDC3, ARRDC4, AXIN1, BAG2, BAG5, BCL10, BIRC2, BIRC3, BMI1, BRCA1, BTRC, BUB1B, BUB3, CAMLG, CAV1, CDC14B, CDC20, CDK5RAP3, CDKN2A, COMMD1, COMMD3-BMI1, CUL3, DAXX, DCUN1D1, DDX3X, DERL1, DNAJA1, DNAJB2, DTX3L, FAM107A, FANCI, FANCM, FBXO4, FBXO5, FBXW7, FKBP1A, FOXF2, FZR1, GABARAP, GLMN, GNL3L, GSK3A, GTPBP4, HDAC8, HSP90AA1, HSP90AB1, HSPA1A, HSPA1B, HSPBP1, HUWE1, INAVA, ISG15, IVNS1ABP, KDM1A, LIMK1, LRRK2, MAD2L1, MAD2L2, MAGEA2, MAGEC2, MARCHF7, MINAR1, MRPL23, MTA1, MYCBP2, NDFIP1, NDFIP2, NOD2, NSMCE3, OGT, OTUB1, PARK7, PARP10, PDCD6, PDZD2, PEF1, PHF23, PIN1, PINK1, PINX1, PLK1, PPIA, PRICKLE1, PRKCG, PRKN, PRMT3, PRR7, PSMD10, PTEN, PTPN22, PTTG1IP, RBX1, RCHY1, RIPK2, RPL11, RPL17, RPL23, RPL37, RPL5, RPS15, RPS2, RPS20, RPS3, RPS7, SASH1, SENP2, SEPTIN4, SH3RF2, SIRT7, SKP1, SMAD7, SOX4, SPHK1, SPOPL, SPRTN, SPRY2, SPSB4, SQSTM1, STUB1, SUMO1, SVBP, TAF1, TBC1D7, TGFBR1, TNFAIP3, TOPORS, TRIM44, TRIP12, TSPYL5, U2AF2, UBB, UBE2D1, UBE2L3, UBE2N, UBE2S, UBE2V1, UBE2V2, UBE3A, UBQLN1, UBR5, UBXN1, UFL1, USP4, USP44, VPS28, WFS1, XIAP, ZNF367]",FALSE,"[BMI1, DDX3X, FBXW7, LRRK2, MAGEA2, PIN1, PPIA, PTEN, SKP1, SUMO1]",66.74207843107659,"[DDX3X, FBXW7, PTEN]",33.257919775919035
GO:0031398,GO_BiologicalProcess-EBI-UniProt-GOA-ACAP-ARAP_25.05.2022_00h00,positive regulation of protein ubiquitination,"[7, 8, 9, 10]",[Group14],9,10.843373,9.912844746498069E-8,2.0717845520180964E-5,{Group14=5.569648423469341E-7},{Group14=6.6835781081632085E-6},"[BMI1, DDX3X, FBXW7, LRRK2, MAGEA2, PIN1, PTEN, SKP1, SUMO1]","[AMER1, ANGPT1, ARRDC3, ARRDC4, AXIN1, BCL10, BIRC2, BIRC3, BMI1, BRCA1, BTRC, CAV1, CDC14B, CDC20, CDK5RAP3, COMMD1, COMMD3-BMI1, CUL3, DDX3X, DERL1, FAM107A, FANCI, FANCM, FBXO4, FBXW7, FKBP1A, FZR1, GABARAP, GSK3A, HSPBP1, HUWE1, INAVA, KDM1A, LRRK2, MAGEA2, MAGEC2, MARCHF7, MTA1, MYCBP2, NDFIP1, NDFIP2, NOD2, NSMCE3, PDCD6, PDZD2, PEF1, PHF23, PIN1, PLK1, PRICKLE1, PRKN, PSMD10, PTEN, PTPN22, PTTG1IP, RBX1, RCHY1, RIPK2, RPS2, SENP2, SEPTIN4, SKP1, SMAD7, SPHK1, SPRTN, SPSB4, STUB1, SUMO1, TBC1D7, TOPORS, TSPYL5, UBB, UBE2D1, UBE2L3, UBE2N, UBE2S, UBE2V1, UBE2V2, UBE3A, UBQLN1, WFS1, XIAP, ZNF367]",FALSE,"[BMI1, DDX3X, FBXW7, LRRK2, MAGEA2, PIN1, PTEN, SKP1, SUMO1]",64.36363365552677,"[DDX3X, FBXW7, PTEN]",35.63636505920847
GO:0032091,GO_BiologicalProcess-EBI-UniProt-GOA-ACAP-ARAP_25.05.2022_00h00,negative regulation of protein binding,[5],[Group09],6,8.1081085,7.953112652031626E-5,0.014792789532778823,{Group09=2.0745932309040012E-4},{Group09=6.223779692712003E-4},"[ADIPOQ, CDKN1A, LRRK2, PIN1, TFIP11, TLE5]","[ADAM15, ADIPOQ, ADRB2, ADRB3, AKT1, ARRB2, ATP2A2, ATP2A3, AURKA, AURKB, B2M, BAG2, BAX, CAMK1, CARD16, CARD18, CAV1, CCL23, CDKN1A, CFHR1, CFHR2, CFHR5, CRMP1, CSNK1E, CTNNBIP1, CTSZ, DAB2, DACT1, DDX11, DKK1, DNAJB2, DVL1, DVL1P1, EFHB, GNL3L, GOLGA2, GSK3B, GTF2F1, HFE, IFIT1, IFIT2, IL10, ITGA4, ITGB1BP1, KDM1A, LRPAP1, LRRK2, MAPK8, MITD1, NES, NOG, PARK7, PCSK9, PDGFB, PDZD2, PEX14, PIN1, PSME3IP1, PTPRF, RACK1, RALB, ROCK1, SLPI, SORL1, STYX, SYMPK, TFIP11, TLE5, TMBIM6, TMC8, TTBK1, TTBK2, USP33, XIRP1]",TRUE,"[ADIPOQ, CDKN1A, LRRK2, PIN1, TFIP11, TLE5]",100.00000169182913,[],0.0
GO:0033145,GO_BiologicalProcess-EBI-UniProt-GOA-ACAP-ARAP_25.05.2022_00h00,positive regulation of intracellular steroid hormone receptor signaling pathway,"[4, 5, 6, 7, 8, 9, 10]",[Group08],4,44.444443,1.0269533363377148E-6,2.1052543394923154E-4,{Group08=9.146143535829008E-5},{Group08=5.487686121497404E-4},"[KMT2D, PKN1, WBP2, YAP1]","[FOXA1, KMT2D, LMO3, PAGR1, PAK1, PKN1, SRARP, WBP2, YAP1]",FALSE,"[KMT2D, PKN1, WBP2, YAP1]",70.65868233520717,[KMT2D],29.34131964693548
GO:0033146,GO_BiologicalProcess-EBI-UniProt-GOA-ACAP-ARAP_25.05.2022_00h00,regulation of intracellular estrogen receptor signaling pathway,"[5, 6, 7, 8, 9, 10]",[Group08],4,16.666666,7.740399496928539E-5,0.014474547059256368,{Group08=9.146143535829008E-5},{Group08=5.487686121497404E-4},"[KMT2D, PKN1, WBP2, YAP1]","[BRCA1, CNOT1, CNOT2, CNOT9, DDRGK1, DNAAF4, FOXA1, FOXH1, KANK2, KMT2D, LATS1, PAGR1, PAK1, PKN1, SRARP, UBA5, UFL1, UFM1, UFSP2, VPS11, VPS18, WBP2, YAP1, ZNF366]",FALSE,"[KMT2D, PKN1, WBP2, YAP1]",70.65868233520717,[KMT2D],29.34131964693548
GO:0033148,GO_BiologicalProcess-EBI-UniProt-GOA-ACAP-ARAP_25.05.2022_00h00,positive regulation of intracellular estrogen receptor signaling pathway,"[5, 6, 7, 8, 9, 10, 11]",[Group08],4,50.0,5.748266757184291E-7,1.1898912187371482E-4,{Group08=9.146143535829008E-5},{Group08=5.487686121497404E-4},"[KMT2D, PKN1, WBP2, YAP1]","[FOXA1, KMT2D, PAGR1, PAK1, PKN1, SRARP, WBP2, YAP1]",TRUE,"[KMT2D, PKN1, WBP2, YAP1]",70.65868233520717,[KMT2D],29.34131964693548
GO:0033157,GO_BiologicalProcess-EBI-UniProt-GOA-ACAP-ARAP_25.05.2022_00h00,regulation of intracellular protein transport,"[5, 6, 7, 8]",[Group11],7,5.9322033,1.4655705789653103E-4,0.026673384537168648,{Group11=5.156034639918656E-7},{Group11=6.7028450318942525E-6},"[ADIPOQ, CIB1, FBXW7, FLNA, LRRK2, NDEL1, SUMO1]","[ADIPOQ, AKAP5, ANP32B, APOD, ATP5IF1, B3GAT3, BAG3, BAG4, BARD1, BBC3, BCAP31, BMP4, C2CD5, CAMK1, CD81, CDH1, CEMIP, CEP131, CEP290, CHORDC1, CHP1, CHP2, CIB1, DERL2, DERL3, DMAP1, EDEM1, EDEM2, EMD, ERBB2, ERGIC3, ERLEC1, FBXW7, FIS1, FLNA, FRAT1, FZR1, GAS6, GCC2, GDI1, GSK3A, GSK3B, HCLS1, HDAC3, HRAS, HSPA1L, ICE1, IFI27, IFNG, INPP5K, INSIG1, ITGB1BP1, JUP, KCNB1, LCP1, LRRK2, MAVS, MBD1, MFF, MIEF1, MIEF2, MYO1C, MYO1E, NDEL1, OS9, PARK7, PARL, PCM1, PCNT, PDCD10, PDCD5, PIK3R1, PINK1, PLK3, PRKCD, PRR5L, PSEN1, PTPN1, PTPN14, RAB23, RAB29, RAN, RANGAP1, RAPGEF3, RBM22, RIPOR1, SEC16B, SIAH3, SIRT6, SORL1, SP100, SREBF1, SUMO1, SVIP, TCAF1, TCAF2, TCF7L2, TGFB1, TM9SF4, TMEM30A, TMEM30B, TOMM7, TOX4, TPR, TRIM28, UBAC2, UBE2G2, UBE2J1, UBR5, UFM1, UHMK1, USP17L2, XPO4, YOD1, YWHAE, ZC3H12A, ZFAND1, ZPR1]",FALSE,"[ADIPOQ, CIB1, FBXW7, FLNA, LRRK2, NDEL1, SUMO1]",80.82191209797533,[FBXW7],19.178082409447168
GO:0034504,GO_BiologicalProcess-EBI-UniProt-GOA-ACAP-ARAP_25.05.2022_00h00,protein localization to nucleus,[6],[Group11],8,5.2287583,1.1808311737389516E-4,0.02172729359679671,{Group11=5.156034639918656E-7},{Group11=6.7028450318942525E-6},"[FLNA, MDM2, PIN1, SKP1, STAT3, SUMO1, SYK, TERT]","[AKIRIN2, AKT1, APLP2, APOD, APPL1, APPL2, ARL2, ARL2BP, ATP13A2, BAG3, BARD1, BBS4, BCL3, BMP4, BMP7, CALR, CARD10, CDH1, CDK1, CDK5RAP3, CHORDC1, CHP1, CHP2, CNEP1R1, COL1A1, CTDNEP1, DMAP1, DTX3L, DVL1, DVL1P1, E2F3, EIF4ENIF1, F2, FERMT2, FLCN, FLNA, FZR1, GBP2, GLUL, HCLS1, HDAC3, HHEX, HIKESHI, HNRNPU, IFNG, ILRUN, INS, INTS13, IPO13, IPO4, IPO5, IPO9, JUP, KAT7, KPNA2, KPNA4, KPNB1, LAMTOR5, LARP7, LIF, LILRB4, LIMK2, MAVS, MCRS1, MDM2, MEPCE, MFHAS1, MMP12, MORC3, MSX1, NGFR, NMD3, NOL8, NOP53, NUAK2, NUP188, NUTF2, NVL, ORMDL3, OTUD7B, PAF1, PARK7, PARP9, PDZD2, PEX2, PHB2, PIK3R1, PIKFYVE, PIN1, PINX1, PLK1, PML, POLR1A, PRICKLE1, PRKCD, PSEN1, PTTG1IP, PYHIN1, RAB23, RAN, RANBP2, RANGAP1, RAP1GDS1, RBM22, RPAIN, RPF2, RRP7A, RRS1, SESN2, SHH, SIN3A, SIX1, SKP1, SP100, STAT3, STK24, STK3, STK4, SUMO1, SUMO2, SUMO3, SUMO4, SUN1, SUN2, SUPT7L, SYK, SYNE1, TAF3, TAF8, TBRG1, TERT, TESK1, TFRC, TGFB1, TNPO1, TNPO3, TOPORS, TOR1A, TOR1AIP2, TPR, TRIM28, TRIM40, TTF2, UBR5, UFM1, UTP25, WRAP53, WRN, XPA, YWHAE, ZBTB7A, ZC3H12A, ZPR1]",TRUE,"[FLNA, MDM2, PIN1, SKP1, STAT3, SUMO1, SYK, TERT]",82.80701404437781,[TERT],17.192983139410543
GO:0043065,GO_BiologicalProcess-EBI-UniProt-GOA-ACAP-ARAP_25.05.2022_00h00,positive regulation of apoptotic process,"[5, 6, 7]",[Group12],13,4.347826,6.113829803278442E-6,0.0012227659606556885,{Group12=6.795177732840325E-9},{Group12=9.513248825976455E-8},"[ADIPOQ, DDX3X, FASN, FBXW7, HTT, MAP3K5, PTEN, RNPS1, TLE5, TP53, TP53BP2, TRAF2, TRIM35]","[ABL1, ACVR1C, ADAMTSL4, ADIPOQ, AGT, AGTR2, AGXT, AIFM2, AKR1C3, ANKRD1, ANO6, APBB1, APC, ARHGEF7, ARL6IP5, ATF3, ATF6, ATG7, ATM, BACE1, BAD, BAK1, BARD1, BAX, BBC3, BCAP31, BCL10, BCL2L11, BCL6, BCLAF1, BECN1, BID, BIN1, BMF, BMP2, BMP4, BNIP3, BNIP3L, BOK, BRMS1, BRMS1L, BTG1, C1QBP, C3orf38, CALHM2, CASP2, CASP6, CASP9, CAV1, CCAR1, CCAR2, CCL2, CCL5, CD160, CD274, CD40, CD40LG, CDKN2A, CLIP3, CLSTN1, CRADD, CTLA4, CTNNB1, CTNNBL1, CTSD, CYLD, DAB2IP, DAPK1, DAPK3, DCUN1D3, DDIT3, DDX20, DDX3X, DEDD2, DLC1, DLEC1, DNAJA1, DNM1L, DUSP6, DYNLL1, E2F1, E2F3, ECSCR, ECT2, EIF5A, EIF5AL1, EMILIN2, ERCC3, FADD, FAM162A, FANK1, FAS, FASLG, FASN, FBH1, FBXW7, FIS1, FOXA1, FOXL2, FOXO1, FOXO3, FRZB, G0S2, GADD45A, GADD45B, GADD45G, GPLD1, GSDME, GSN, GZMA, HCAR2, HIP1R, HLA-G, HMGB1, HOXA5, HRG, HRK, HSPD1, HTRA2, HTT, IDO1, IFIT2, IFNB1, IFNG, IGFBP3, IL10, IL12A, IL12B, IL6, ING3, ING4, ING5, INHBA, IP6K2, IRF5, ITGA4, ITGA6, ITGB1, JUN, KCNMA1, KLF11, LCK, LGALS1, LGALS16, LGALS2, LGALS3, LGALS9, LILRB1, LOC102724428, LOC654780, LTBR, LTK, MAP3K20, MAP3K5, MCL1, MFN2, MLLT11, MNDA, MOAP1, MSX1, MTCH1, MYBBP1A, MYC, NACC2, NCK1, NET1, NEURL1, NKX3-1, NLRC4, NLRP2B, NRG1, NUPR1, OLFM1, OMA1, PAK2, PANO1, PCSK9, PDCD1, PDCD2, PDCD4, PDCD5, PHLDA3, PIK3CB, PIK3CD, PIP5KL1, PKN2, PLA2G1B, PLA2R1, PLCG1, PLEKHN1, PMAIP1, PML, PPARG, PPID, PPP2R1B, PRDM11, PRELID1, PRKCI, PRMT2, PRNP, PROC, PRPF38B, PRR7, PTEN, PTGIS, PTPA, PTPRA, PTRH2, PYCARD, QRICH1, RACK1, RAPGEF2, RASSF2, RBM5, REST, RFPL1, RGCC, RHOB, RIPK1, RNF122, RNF183, RNPS1, RPL26, RPS3, RPS6, RPS6KA2, RPS7, RRP1B, RYBP, S100A8, S100A9, SAP18, SCIN, SCRIB, SEPTIN4, SFPQ, SFRP1, SFRP2, SFRP4, SHQ1, SIAH1, SIK1, SIRT1, SLC27A4, SLC6A2, SLC6A4, SLC6A5, SLC9A3R1, SLIT2, SMPD1, SOD1, SOD2, SOD2-OT1, SOX4, SPDEF, SPHK2, STK17A, STK17B, STK4, STPG1, STYXL1, SUDS3, TANK, TCTN3, TFAP2A, TFAP2B, TFAP4, TGFB2, TGFBR1, TGM2, THBS1, TIMP3, TLE5, TNF, TNFAIP8, TNFRSF12A, TNFRSF8, TNFSF10, TNFSF12, TOP2A, TP53, TP53BP2, TP63, TPD52L1, TRAF2, TRAF7, TRIM35, TRIM39, TSPAN1, UBB, UBD, UBE2Z, UNC13B, USP17L24, UTP11, WNT10B, ZC3H8, ZNF268, ZNF622]",FALSE,"[ADIPOQ, DDX3X, FASN, FBXW7, HTT, MAP3K5, PTEN, RNPS1, TLE5, TP53, TP53BP2, TRAF2, TRIM35]",66.17773662303475,"[DDX3X, FBXW7, PTEN, TP53]",33.82226190807903
GO:0043068,GO_BiologicalProcess-EBI-UniProt-GOA-ACAP-ARAP_25.05.2022_00h00,positive regulation of programmed cell death,"[4, 5, 6]",[Group12],15,4.792332,3.1880198947909167E-7,6.631081381165106E-5,{Group12=6.795177732840325E-9},{Group12=9.513248825976455E-8},"[ADIPOQ, DDX3X, FASN, FBXW7, HTT, LRRK2, MAP3K5, PTEN, RNPS1, SYK, TLE5, TP53, TP53BP2, TRAF2, TRIM35]","[ABL1, ACVR1C, ADAMTSL4, ADIPOQ, AGT, AGTR2, AGXT, AIFM2, AKR1C3, ANKRD1, ANO6, APBB1, APC, ARHGEF7, ARL6IP5, ATF3, ATF6, ATG7, ATM, BACE1, BAD, BAK1, BARD1, BAX, BBC3, BCAP31, BCL10, BCL2L11, BCL6, BCLAF1, BECN1, BID, BIN1, BMF, BMP2, BMP4, BNIP3, BNIP3L, BOK, BRMS1, BRMS1L, BTG1, C1QBP, C3orf38, CALHM2, CASP2, CASP6, CASP9, CAV1, CCAR1, CCAR2, CCL2, CCL5, CD160, CD274, CD40, CD40LG, CDKN2A, CLEC7A, CLIP3, CLSTN1, CRADD, CTLA4, CTNNB1, CTNNBL1, CTSD, CYLD, DAB2IP, DAPK1, DAPK3, DCUN1D3, DDIT3, DDX20, DDX3X, DEDD2, DLC1, DLEC1, DNAJA1, DNM1L, DUSP6, DYNLL1, E2F1, E2F3, ECSCR, ECT2, EIF5A, EIF5AL1, EMILIN2, ERCC3, FADD, FAM162A, FANK1, FAS, FASLG, FASN, FBH1, FBXW7, FCER2, FIS1, FOXA1, FOXL2, FOXO1, FOXO3, FRZB, G0S2, GADD45A, GADD45B, GADD45G, GPLD1, GSDME, GSN, GZMA, HCAR2, HDAC6, HIP1R, HLA-G, HMGB1, HOXA5, HRG, HRK, HSPD1, HTATIP2, HTRA2, HTT, IDO1, IFIT2, IFNB1, IFNG, IGF2BP1, IGFBP3, IL10, IL12A, IL12B, IL6, ING3, ING4, ING5, INHBA, IP6K2, IRF5, ITGA4, ITGA6, ITGB1, JUN, KCNMA1, KLF11, LAPTM5, LCK, LGALS1, LGALS16, LGALS2, LGALS3, LGALS9, LILRB1, LOC102724428, LOC654780, LRRK2, LTBR, LTK, MAP3K20, MAP3K5, MCL1, MFN2, MLLT11, MNDA, MOAP1, MSX1, MTCH1, MYBBP1A, MYC, NACC2, NANOS2, NCK1, NET1, NEURL1, NKX3-1, NLRC4, NLRP2B, NOS2, NRG1, NUPR1, OLFM1, OMA1, PAK2, PANO1, PCSK9, PDCD1, PDCD2, PDCD4, PDCD5, PHLDA3, PIK3CB, PIK3CD, PIP5KL1, PKN2, PLA2G1B, PLA2R1, PLCG1, PLEKHN1, PMAIP1, PML, PPARG, PPID, PPP2R1B, PRDM11, PRELID1, PRF1, PRKCI, PRMT2, PRNP, PROC, PRPF38B, PRR7, PTEN, PTGIS, PTPA, PTPRA, PTRH2, PYCARD, QRICH1, RACK1, RAPGEF2, RASSF2, RBM5, REST, RFPL1, RGCC, RHOB, RIPK1, RIPK3, RNF122, RNF183, RNPS1, RPL26, RPS3, RPS6, RPS6KA2, RPS7, RRP1B, RYBP, S100A8, S100A9, SAP18, SCIN, SCRIB, SEPTIN4, SFPQ, SFRP1, SFRP2, SFRP4, SHQ1, SIAH1, SIK1, SIRT1, SLC27A4, SLC6A2, SLC6A4, SLC6A5, SLC9A3R1, SLIT2, SMPD1, SOD1, SOD2, SOD2-OT1, SOX4, SPDEF, SPHK2, STK17A, STK17B, STK4, STPG1, STYXL1, SUDS3, SYK, TANK, TCTN3, TFAP2A, TFAP2B, TFAP4, TGFB2, TGFBR1, TGM2, THBS1, TIMP3, TLE5, TNF, TNFAIP8, TNFRSF12A, TNFRSF8, TNFSF10, TNFSF12, TOP2A, TP53, TP53BP2, TP63, TPD52L1, TRAF2, TRAF7, TRIM35, TRIM39, TSPAN1, UBB, UBD, UBE2Z, UNC13B, USP17L24, UTP11, WNT10B, ZBP1, ZC3H8, ZNF268, ZNF395, ZNF622]",FALSE,"[ADIPOQ, DDX3X, FASN, FBXW7, HTT, LRRK2, MAP3K5, PTEN, RNPS1, SYK, TLE5, TP53, TP53BP2, TRAF2, TRIM35]",69.30305347414685,"[DDX3X, FBXW7, PTEN, TP53]",30.696948236830618
GO:0043393,GO_BiologicalProcess-EBI-UniProt-GOA-ACAP-ARAP_25.05.2022_00h00,regulation of protein binding,[4],[Group09],7,5.46875,2.4276822919962025E-4,0.042241671880733925,{Group09=2.0745932309040012E-4},{Group09=6.223779692712003E-4},"[ADIPOQ, CDKN1A, LRRK2, PIN1, TERT, TFIP11, TLE5]","[ABL1, ADAM15, ADD1, ADD2, ADIPOQ, ADRB2, ADRB3, AKT1, AKTIP, AMFR, ANXA2, APOE, APP, ARRB2, ATP2A2, ATP2A3, AURKA, AURKB, B2M, BAG2, BAMBI, BAX, BDNF, BDNF-AS, BLK, BMP2, BMP4, C1D, CAMK1, CAPRIN2, CARD16, CARD18, CAV1, CCL23, CDKN1A, CFHR1, CFHR2, CFHR5, CLDN5, CRK, CRMP1, CSF3, CSNK1E, CTNNBIP1, CTSZ, DAB2, DACT1, DDX11, DERL1, DKK1, DNAJB2, DTX3L, DVL1, DVL1P1, EFHB, EPB41, FKBP1A, FLOT1, GNL3L, GOLGA2, GSK3B, GTF2F1, HDAC4, HDAC5, HFE, HIP1R, IDE, IFIT1, IFIT2, IL10, ITGA4, ITGB1BP1, KDM1A, LDLRAP1, LRP1, LRPAP1, LRRK2, MAPK8, MARK3, MEN1, MITD1, MMP9, NES, NMD3, NOG, NVL, PARK7, PCSK9, PDGFB, PDZD2, PEX14, PIN1, PLK1, PRKN, PSEN1, PSME3IP1, PTPRF, RACK1, RALB, RAN, RIPK2, ROCK1, RPL11, SLPI, SNAPIN, SORL1, STING1, STK24, STK3, STK4, STYX, SYMPK, TAF1, TCF7L2, TERT, TFIP11, TIAM1, TLE5, TMBIM6, TMC8, TRIM21, TTBK1, TTBK2, USP33, USP9X, VTN, WNT3A, XIRP1]",FALSE,"[ADIPOQ, CDKN1A, LRRK2, PIN1, TERT, TFIP11, TLE5]",80.82191209797533,[TERT],19.178082409447168
GO:0044843,GO_BiologicalProcess-EBI-UniProt-GOA-ACAP-ARAP_25.05.2022_00h00,cell cycle G1/S phase transition,"[4, 5]",[Group13],8,5.633803,6.993543533717934E-5,0.013287732714064074,{Group13=4.705859040146704E-6},{Group13=5.176444944161375E-5},"[CDKN1A, DDX3X, GLI1, MDM2, PTEN, SOX2, TP53, ZNF655]","[ACVR1, ACVR1B, ADAM17, ADAMTS1, AIF1, AKT1, AMBRA1, ANKRD17, APC, APLP2, APPL1, APPL2, ATP2B4, BACH1, BRD4, BRD7, BRIP1, C10orf99, CACUL1, CASP2, CCL2, CCNA2, CCND1, CCND2, CCNE1, CCNH, CDC73, CDK2AP2, CDK4, CDK7, CDKN1A, CDKN1B, CDKN2A, CDKN2C, CDKN2D, CENPJ, CFH, CPSF3, CRADD, CRLF3, CRNN, DACT1, DCUN1D3, DDX3X, DLG1, E2F1, E2F3, E2F7, EGFR, EIF4E, EIF4EBP1, EIF4G1, EZH2, FAM107A, FAM83D, FBXO31, FGF10, FHL1, GLI1, GPNMB, HINFP, HPLH1, HYAL1, ID2, INHBA, INO80, JADE1, KANK2, KIF14, KLF11, KLF4, KMT2E, LATS2, LSM10, LSM11, MAP3K11, MBLAC1, MDM2, METTL13, MLF1, MN1, MNAT1, MUC1, MYC, NACC2, NANOGP8, NKX3-1, NPAT, PAF1, PAGR1, PEX2, PHB2, PHF8, PIDD1, PIM2, PKD1, PKD2, PLK2, PLK3, PLK5, POLE, POLR1B, PPP2CA, PRAP1, PRKD2, PRKDC, PROC, PTEN, PTPN6, RCC1, RFWD3, RGCC, RPA2, RPL26, RPS27L, RPS6KB1, RPTOR, RRM1, RRM2, SASS6, SDE2, SLFN11, SOX2, SPAM1, SPDYA, STIL, STOX1, STXBP4, SUSD2, TCIM, TFDP1, TFDP3, TM4SF5, TMEM14B, TP53, TRIM39, UBE2E2, USP37, WAC, ZNF324, ZNF655, ZPR1]",FALSE,"[CDKN1A, DDX3X, GLI1, MDM2, PTEN, SOX2, TP53, ZNF655]",54.62962526348664,"[DDX3X, PTEN, SOX2, TP53]",45.370370464708834
GO:0045860,GO_BiologicalProcess-EBI-UniProt-GOA-ACAP-ARAP_25.05.2022_00h00,positive regulation of protein kinase activity,"[7, 8, 9, 10]","[Group12, Group14]",11,4.3137255,3.589091614132026E-5,0.00685516498299217,"{Group12=6.795177732840325E-9, Group14=5.569648423469341E-7}","{Group12=9.513248825976455E-8, Group14=6.6835781081632085E-6}","[ADIPOQ, CDKN1A, DDX3X, ERCC6, FBXW7, LRRK2, MAP3K5, PKN1, PPIA, PTK2, TRAF2]","[ABL1, ADAM17, ADAM9, ADCYAP1, ADIPOQ, ADRA2A, ADRA2B, ADRA2C, ADRB2, AFAP1L2, AGAP2, AGT, AGXT, AKT1, ALK, ALKAL1, ALKAL2, ALS2, ANG, ANGPT1, ANGPT4, AREG, ARHGEF5, ATP2B4, AXIN1, AZU1, BTC, CAB39, CACUL1, CALCA, CAMK1, CARD10, CASS4, CCDC88A, CCL19, CCL21, CCL5, CCN1, CCNA2, CCNB1, CCND1, CCND2, CCND3, CCNY, CD24, CD300A, CD4, CD40, CD40LG, CDK5R1, CDKN1A, CEMIP, CENPE, CLSPN, CLU, CMC4, COPS8, CSF1R, DAB2IP, DAXX, DBF4B, DDR2, DDX3X, DGKQ, DIPK2A, DIRAS1, DIRAS2, DKK1, DOK7, DRD4, DVL2, DVL3, DYNAP, ECT2, EDN1, EDN3, EFNA1, EGF, EGFR, EMP2, EPGN, ERBB2, ERBB3, ERCC6, EREG, ERN1, ERP29, ETAA1, EZH2, FAM20A, FBXW7, FCGR1A, FCGR1BP, FERMT2, FGF1, FGF13, FGF18, FGF2, FGFR1, FLT1, FZD10, GAS6, GH1, GHRL, GPRC5B, HBEGF, HMGA2, HRAS, HSP90AA1, HTR2B, IFNG, IGF1, IL12B, IL18, IL1B, IL23A, IL34, IL4, INS, INSR, IQGAP1, IRAK1, IRGM, ITGB1BP1, ITGB3, JTB, KIF14, LAT, LCP2, LEP, LILRA5, LILRP2, LRRK2, LTF, LTK, MALT1, MAP2K1, MAP2K2, MAP2K3, MAP3K10, MAP3K11, MAP3K4, MAP3K5, MAP3K7, MAP4K2, MAPRE3, MLST8, MMD, MMD2, MRNIP, MST1R, MT3, MTCP1, NCF1, NCKAP1L, NEDD9, NEK10, NRG1, NRXN1, NTF3, NTRK3, ORC3, PAK1, PAK2, PARP16, PDCD10, PDGFA, PDGFB, PDPK1, PIBF1, PIH1D1, PIK3CG, PKD1, PKD2, PKN1, PKN2, PPIA, PPP2CA, PPP3CA, PRKAG2, PRKCD, PRKD2, PRLR, PRNP, PROX1, PSMD10, PTK2, PTK2B, PTPN1, RALB, RAPGEF2, RASGRP1, RASSF2, RGCC, RHOA, RIPK3, RNU1-93P, ROBO1, RPS3, RPTOR, SASH1, SH2D1A, SIRT1, SNCA, SNX9, SPDYA, SPNS1, SPRY2, SRC, SRCIN1, STAP1, STK11, STOX1, STRADA, STRADB, SYAP1, TAB1, TAB2, TANK, TAOK3, TCIM, TCL1A, TCL1B, TDGF1, TDGF1P3, TELO2, TGFA, TGFB1, TGFB2, THBS1, TIRAP, TLR6, TLR9, TNF, TNFRSF11A, TNFSF11, TNFSF15, TOM1L1, TPD52L1, TPX2, TRAF2, TRAF4, TRAF6, TTBK1, UNC119, UXT, VEGFA, WNK1, WNT11, WNT5A, XRCC5, XRCC6, ZFP91, ZFP91-CNTF]",FALSE,"[ADIPOQ, CDKN1A, DDX3X, ERCC6, FBXW7, LRRK2, MAP3K5, PKN1, PPIA, PTK2, TRAF2]",76.8047328629033,"[DDX3X, FBXW7]",23.195267913041025
GO:0051090,GO_BiologicalProcess-EBI-UniProt-GOA-ACAP-ARAP_25.05.2022_00h00,regulation of DNA-binding transcription factor activity,"[3, 6, 7, 8, 9, 10, 11, 12, 13]",[Group06],13,4.248366,7.857247257068672E-6,0.0015635922041566657,{Group06=7.857247257068672E-6},{Group06=7.857247257068672E-5},"[CIB1, COPS5, FLNA, GLI1, PPIA, PTCH1, PTEN, SMARCB1, SUFU, SUMO1, SYK, TCF3, TRAF2]","[ADORA3, AGER, AIM2, AKR1B1, AKT1, ANXA3, ANXA4, APP, AR, AREG, ARHGEF2, ARHGEF5, ARID5B, ARRB1, ARRB2, ATF2, BCL10, BCL3, BEX1, BEX2, BHLHE40, BMP2, BRMS1, BRMS1L, BUD31, C3orf33, CACTIN, CAMK1D, CAMK2A, CAPN3, CARD11, CARD14, CARD16, CARD8, CARD9, CAV1, CCDC22, CD200, CD36, CD40, CD40LG, CDK5RAP3, CDKN2A, CHORDC1, CHP1, CHUK, CIB1, CLU, CMKLR1, COMMD1, COMMD6, COMMD7, COPS5, CREBZF, CRNN, CSF3, CTNNB1, CTNNBIP1, CX3CL1, CYLD, DAB2IP, DAP, DDIT3, DDR2, DDRGK1, DDX58, DHX9, DNPEP, DVL2, E2F1, EDA, EDA2R, EDN1, EGLN1, EIF2AK2, EP300, ERBIN, ERC1, ESR1, ESR2, FAF1, FANK1, FER, FLNA, FLOT1, FLOT2, FOXA1, FOXA2, FOXH1, FOXP3, FZD1, FZD2, FZD4, FZD6, GAS6, GDNF, GLI1, GLI3, HAND1, HAVCR2, HCK, HCLS1, HDAC2, HDAC4, HDAC5, HEYL, HSF1, HSPA1A, HSPA1B, IAPP, ID1, ID2, ID3, IKBKB, IKBKE, IKBKG, IL10, IL18, IL18R1, IL18RAP, IL1B, IL6, INS, IRAK1, IRAK2, IRAK3, JUP, KDM1A, KDM5A, KIT, KLF4, LAMTOR5, LGALS9, LONP1, LRP6, LRRC14, LTF, MAD2L2, MALT1, MAP3K10, MAP3K13, MAVS, MBTPS2, MEN1, MID2, MTDH, MTURN, MYD88, MYOCD, NEUROD1, NFAM1, NFKBIA, NFKBIL1, NLRC3, NLRC4, NLRC5, NLRP12, NLRP2, NLRP2B, NLRP3, NOD1, NOD2, NODAL, NPM1, NR0B1, NR0B2, NTRK1, NTS, NTSR1, NUPR1, NWD1, OTULIN, PARK7, PARP10, PAXIP1, PEX14, PHB2, PIM1, PKD2, PKHD1, PLA2G10, PLPP3, PPARG, PPARGC1A, PPIA, PPP2CB, PRDX3, PRKCH, PRKCI, PRKCQ, PRKD1, PRKD2, PRMT2, PROX1, PSMA6, PSMD10, PTCH1, PTEN, PTGIS, PYCARD, PYDC1, PYDC2, RAB7B, RB1, RBCK1, RELA, RGCC, RHEBL1, RIPK1, RIPK2, RIPK3, RIPK4, RNF2, RNF220, RNF25, RNF31, ROR1, RORA, RPS3, RPS6KA5, RTKN2, RWDD3, SETD6, SFRP4, SFRP5, SIGIRR, SIRT1, SLCO3A1, SMAD7, SMARCA4, SMARCB1, SP100, SPHK1, SPI1, SRF, STING1, STK24, STK3, STK36, SUFU, SUMO1, SYK, SYT14P1, TAF1, TAF12, TAF3, TANK, TCEAL7, TCF3, TCF7L1, TCF7L2, TFDP1, TFDP3, TFRC, TIRAP, TLR2, TLR4, TLR6, TLR9, TMIGD3, TMSB4X, TNF, TNFAIP3, TNFRSF11A, TNFSF11, TRADD, TRAF1, TRAF2, TRAF3, TRAF5, TRAF6, TRIB1, TRIM13, TRIM14, TRIM15, TRIM21, TRIM22, TRIM25, TRIM26, TRIM27, TRIM31, TRIM32, TRIM34, TRIM37, TRIM38, TRIM40, TRIM5, TRIM52, TRIM6-TRIM34, TRIM62, TRIM8, TSSK4, TSSK6, UBE2N, UBE2V1, UFL1, USP7, VEGFA, WFS1, WNT2, WNT5A, XCL1, ZBTB7A, ZC3H12A, ZC4H2, ZNF675]",TRUE,"[CIB1, COPS5, FLNA, GLI1, PPIA, PTCH1, PTEN, SMARCB1, SUFU, SUMO1, SYK, TCF3, TRAF2]",72.2902884210044,"[PTCH1, PTEN, SUFU]",27.70970865526778
GO:0051100,GO_BiologicalProcess-EBI-UniProt-GOA-ACAP-ARAP_25.05.2022_00h00,negative regulation of binding,[4],[Group09],7,6.140351,1.1806030809502407E-4,0.021841156997579454,{Group09=2.0745932309040012E-4},{Group09=6.223779692712003E-4},"[ADIPOQ, CDKN1A, LRRK2, PIN1, SUMO1, TFIP11, TLE5]","[ADAM15, ADIPOQ, ADRB2, ADRB3, AKT1, ARRB2, ATP2A2, ATP2A3, AURKA, AURKB, B2M, BAG2, BAX, BTAF1, CAMK1, CARD16, CARD18, CAV1, CCL23, CDKN1A, CFHR1, CFHR2, CFHR5, CPNE1, CRMP1, CSNK1E, CTNNBIP1, CTSZ, CYP2D6, CYP2D7, DAB2, DACT1, DDIT3, DDX11, DKK1, DNAJB2, DVL1, DVL1P1, E2F1, EFHB, ERCC4, GATA1, GEMIN2, GNL3L, GOLGA2, GSK3B, GTF2F1, GTPBP4, GZMA, HABP4, HAND1, HEY1, HEY2, HFE, HMGA2, IFI16, IFIT1, IFIT2, IL10, ILRUN, ITGA4, ITGB1BP1, JUN, KDM1A, LEF1, LOC107987479, LRPAP1, LRRK2, MAD2L2, MAPK8, MITD1, NES, NOG, PARK7, PCSK9, PDGFB, PDZD2, PEX14, PEX19, PIN1, PLN, PSEN1, PSME3IP1, PTPRF, RACK1, RALB, ROCK1, RSF1, SIN3A, SLPI, SORL1, SP100, STYX, SUMO1, SUMO2, SUMO3, SUMO4, SYMPK, TAF1, TFAP4, TFIP11, TLE5, TMBIM6, TMC8, TMSB4X, TNKS, TTBK1, TTBK2, USP33, WAPL, XIRP1, ZNF304, ZNF593, ZNF675]",FALSE,"[ADIPOQ, CDKN1A, LRRK2, PIN1, SUMO1, TFIP11, TLE5]",100.00000169182913,[],0.0
GO:0051347,GO_BiologicalProcess-EBI-UniProt-GOA-ACAP-ARAP_25.05.2022_00h00,positive regulation of transferase activity,[5],"[Group12, Group14]",17,4.7091413,6.117703015932349E-8,1.2908353363617256E-5,"{Group12=6.795177732840325E-9, Group14=5.569648423469341E-7}","{Group12=9.513248825976455E-8, Group14=6.6835781081632085E-6}","[ADIPOQ, BMI1, CDKN1A, DDX3X, ERCC6, FBXW7, LRRK2, MAGEA2, MAP3K5, PIN1, PKN1, PPIA, PTEN, PTK2, SKP1, TRAF2, UBE2I]","[ABL1, ACD, ADAM17, ADAM9, ADCYAP1, ADIPOQ, ADRA2A, ADRA2B, ADRA2C, ADRB2, AFAP1L2, AGAP2, AGT, AGTR1, AGXT, AKT1, ALK, ALKAL1, ALKAL2, ALS2, AMBRA1, ANG, ANGPT1, ANGPT4, APOA1, APOA2, APOA4, APOE, AREG, ARHGEF5, ARRDC3, ARRDC4, ARTN, ATG14, ATP2B4, AURKB, AXIN1, AZU1, BCL10, BMI1, BTC, BTRC, CAB39, CACUL1, CALCA, CAMK1, CARD10, CASS4, CCDC88A, CCL19, CCL21, CCL5, CCN1, CCNA2, CCNB1, CCND1, CCND2, CCND3, CCNY, CCT2, CCT4, CD19, CD200, CD24, CD300A, CD4, CD40, CD40LG, CD44, CD74, CD81, CDC14B, CDC20, CDK5R1, CDKN1A, CEMIP, CENPE, CHTF18, CHTF8, CLSPN, CLU, CMC4, COMMD3-BMI1, COPS8, CSF1R, DAB2IP, DAXX, DBF4B, DBI, DDR2, DDX3X, DERPC, DGKQ, DGKZ, DIPK2A, DIRAS1, DIRAS2, DKC1, DKK1, DOK7, DRD4, DSCC1, DSTYK, DTX3L, DVL2, DVL3, DYNAP, ECT2, EDN1, EDN3, EEF1A2, EFNA1, EGF, EGFR, EMP2, EPGN, ERBB2, ERBB3, ERCC6, EREG, ERN1, ERP29, ETAA1, EZH2, F2, FAM20A, FBXW7, FCGR1A, FCGR1BP, FERMT2, FGF1, FGF13, FGF18, FGF2, FGFR1, FGFR3, FGR, FLT1, FZD10, FZR1, GAS6, GH1, GHRL, GINS1, GINS2, GINS3, GINS4, GPRC5B, GREM1, GRHL2, HBEGF, HLA-DRB1, HMBOX1, HMGA2, HRAS, HSP90AA1, HSP90AB1, HTR2B, IFNG, IGF1, IL12B, IL18, IL1B, IL23A, IL34, IL4, INS, INSR, IQGAP1, IRAK1, IRGM, ITGB1BP1, ITGB3, JTB, KIF14, KLF4, LAT, LCP2, LEP, LILRA5, LILRP2, LPAL2, LRRK2, LTF, LTK, MAGEA2, MAGEC2, MALT1, MAP2K1, MAP2K2, MAP2K3, MAP2K7, MAP3K10, MAP3K11, MAP3K4, MAP3K5, MAP3K7, MAP4K2, MAPK1, MAPK15, MAPK3, MAPKAPK5, MAPRE3, MLST8, MMD, MMD2, MOB1B, MRE11, MRNIP, MST1R, MT3, MTCP1, NAF1, NBN, NCF1, NCKAP1L, NEDD9, NEK10, NEK2, NEK7, NRG1, NRXN1, NTF3, NTRK3, NVL, ORC3, PAK1, PAK2, PARN, PARP16, PCNA, PDCD10, PDGFA, PDGFB, PDGFRA, PDGFRB, PDPK1, PDZD2, PIBF1, PIFO, PIH1D1, PIK3CG, PIK3R4, PIN1, PKD1, PKD2, PKIB, PKN1, PKN2, PLAAT4, PLK1, PNKP, POLG2, POT1, PPIA, PPP2CA, PPP3CA, PRIM2, PRKAG2, PRKCD, PRKCQ, PRKD2, PRLR, PRNP, PROX1, PSMD10, PTEN, PTGES3, PTK2, PTK2B, PTPN1, RAD50, RALB, RAPGEF2, RASGRP1, RASSF2, RFC2, RFC3, RFC4, RFC5, RGCC, RHOA, RIPK3, RNU1-93P, ROBO1, RPS2, RPS3, RPTOR, SASH1, SH2D1A, SIRT1, SKP1, SNCA, SNX9, SPDYA, SPNS1, SPRY2, SRC, SRCIN1, STAP1, STK11, STOX1, STRADA, STRADB, SYAP1, TAB1, TAB2, TANK, TAOK3, TCIM, TCL1A, TCL1B, TCP1, TDGF1, TDGF1P3, TEK, TELO2, TGFA, TGFB1, TGFB2, THBS1, TIGAR, TIRAP, TLR6, TLR9, TNF, TNFRSF11A, TNFSF11, TNFSF15, TNIP1, TNKS, TOM1L1, TOPORS, TPD52L1, TPX2, TRAF2, TRAF4, TRAF6, TREM2, TSPO, TTBK1, TTF2, UBE2I, UBE2L3, UBE2N, UBE2S, UNC119, UXT, VEGFA, WNK1, WNT11, WNT5A, WRAP53, XRCC5, XRCC6, ZFP91, ZFP91-CNTF, ZNF16, ZNF367, ZNF622]",TRUE,"[ADIPOQ, BMI1, CDKN1A, DDX3X, ERCC6, FBXW7, LRRK2, MAGEA2, MAP3K5, PIN1, PKN1, PPIA, PTEN, PTK2, SKP1, TRAF2, UBE2I]",77.33230126740109,"[DDX3X, FBXW7, PTEN]",22.667695350933904
GO:0051438,GO_BiologicalProcess-EBI-UniProt-GOA-ACAP-ARAP_25.05.2022_00h00,regulation of ubiquitin-protein transferase activity,"[5, 9, 10]",[Group14],6,13.043478,5.009371658136667E-6,0.00100688370328547,{Group14=5.569648423469341E-7},{Group14=6.6835781081632085E-6},"[BMI1, FBXW7, MAGEA2, PIN1, PTEN, SKP1]","[ABL1, ARRDC3, ARRDC4, AXIN1, BAG2, BMI1, BTRC, BUB1B, BUB3, CDC14B, CDC20, CDKN2A, COMMD3-BMI1, DTX3L, FBXO5, FBXW7, FEM1B, FZR1, LIMK1, MAD2L1, MAD2L2, MAGEA2, MAGEC2, MRPL23, PARK7, PDZD2, PIN1, PLK1, PTEN, RPL11, RPL17, RPL23, RPL37, RPL5, RPS15, RPS2, RPS20, RPS7, SKP1, SMAD7, TOPORS, UBE2L3, UBE2N, UBE2S, USP44, ZNF367]",FALSE,"[BMI1, FBXW7, MAGEA2, PIN1, PTEN, SKP1]",64.36363467588974,"[FBXW7, PTEN]",35.63636562415524
GO:0051443,GO_BiologicalProcess-EBI-UniProt-GOA-ACAP-ARAP_25.05.2022_00h00,positive regulation of ubiquitin-protein transferase activity,"[6, 8, 9, 10, 11]",[Group14],6,26.086956,6.469170782578123E-8,1.3585258643414057E-5,{Group14=5.569648423469341E-7},{Group14=6.6835781081632085E-6},"[BMI1, FBXW7, MAGEA2, PIN1, PTEN, SKP1]","[ARRDC3, ARRDC4, AXIN1, BMI1, BTRC, CDC14B, CDC20, COMMD3-BMI1, FBXW7, FZR1, MAGEA2, MAGEC2, PDZD2, PIN1, PLK1, PTEN, RPS2, SKP1, TOPORS, UBE2L3, UBE2N, UBE2S, ZNF367]",TRUE,"[BMI1, FBXW7, MAGEA2, PIN1, PTEN, SKP1]",64.36363467588974,"[FBXW7, PTEN]",35.63636562415524
GO:0051572,GO_BiologicalProcess-EBI-UniProt-GOA-ACAP-ARAP_25.05.2022_00h00,negative regulation of histone H3-K4 methylation,"[5, 6, 7, 8, 9, 10, 11, 12]",[Group07],2,66.666664,2.7972815289260393E-4,0.04811324229752788,{Group07=1.3961377886382025E-4},{Group07=6.980688943191012E-4},"[BCOR, WDR5]","[BCOR, MACROH2A1, WDR5]",FALSE,"[BCOR, WDR5]",54.62962314273627,[BCOR],45.370368703407536
GO:0060284,GO_BiologicalProcess-EBI-UniProt-GOA-ACAP-ARAP_25.05.2022_00h00,regulation of cell development,"[4, 5]",[Group11],7,5.5118113,2.313147026041662E-4,0.040942702360937416,{Group11=5.156034639918656E-7},{Group11=6.7028450318942525E-6},"[CIB1, DISC1, FBXW7, FLNA, LRRK2, SKI, YAP1]","[ABL1, ACTN4, ADD1, AP1AR, APOA1, ASIC2, B2M, BDNF, BDNF-AS, BIN1, BMP4, BNC1, C1QBP, CALR, CARMIL1, CASS4, CAV3, CDC42, CDH5, CIB1, CLDN5, CLEC7A, CORO1C, CRK, CRKL, CUL7, DISC1, DOCK1, DOCK5, DPYSL5, DSCAM, EFNA5, F11R, F2, FBLN1, FBN1, FBXW7, FBXW8, FERMT2, FLNA, GBP1, GOLGA4, GORASP1, GRN, IFNG, IGF1, IKBKB, IL1B, IL6, ILK, INS, ITGB1BP1, KANK1, KDM1A, KIAA0319, LILRB1, LIMS1, LMOD3, LRRK2, MACF1, MAPT, MDK, MELTF, MMDK, MME, MMP12, MT3, MYADM, MYOC, NCOA3, NEDD9, NELL1, NOTCH2, NPPC, NRP1, OBSL1, OLFM4, P4HB, PAEP, PPP1R12A, PRKCH, PRKCI, PROC, PRUNE1, PTHLH, PTN, RAC1, RAC3, RAPGEF2, RBM15, RHEB, RHEBP1, RNASE1, ROBO1, ROBO2, ROCK1, ROCK2, RPS19, RREB1, RTN4, S100A10, S1PR2, S1PR3, SEMA4D, SEMA7A, SERPINE2, SERPINF1, SKI, SLITRK1, SMARCD3, SOX11, SPEN, SPRY4, TESK1, TGM2, TNF, TNFRSF1A, TRIOBP, TTF2, TWF2, VCL, VEGFA, WNT3, WNT7A, YAP1, YTHDF2, ZNF335]",FALSE,"[CIB1, DISC1, FBXW7, FLNA, LRRK2, SKI, YAP1]",80.82191209797533,[FBXW7],19.178082409447168
GO:0070102,GO_BiologicalProcess-EBI-UniProt-GOA-ACAP-ARAP_25.05.2022_00h00,interleukin-6-mediated signaling pathway,"[5, 6, 7]",[Group01],3,23.076923,2.385912434426166E-4,0.04199205884590052,{Group01=2.385912434426166E-4},{Group01=4.771824868852332E-4},"[CEBPA, STAT3, YAP1]","[C1QTNF4, CEBPA, FER, GFI1, IL6, IL6R, IL6ST, RIPK1, SPI1, SRC, ST18, STAT3, YAP1]",TRUE,"[CEBPA, STAT3, YAP1]",64.36363332373524,[CEBPA],35.63636487550467
GO:0071214,GO_BiologicalProcess-EBI-UniProt-GOA-ACAP-ARAP_25.05.2022_00h00,cellular response to abiotic stimulus,"[3, 4]",[Group13],9,4.245283,2.151974296147871E-4,0.03830514247143211,{Group13=4.705859040146704E-6},{Group13=5.176444944161375E-5},"[BRCA2, CDKN1A, CREBBP, DDX3X, FASN, MDM2, PTEN, TP53, YAP1]","[ACTR5, AKR1B1, ANKRD1, ANTXR1, AQP1, AQP10, AQP5, ASIC1, ATM, ATR, AURKB, BABAM2, BAD, BAK1, BARD1, BCL10, BLM, BMF, BNIP3, BRCA1, BRCA2, BRCC3, CARD16, CASP1, CASP2, CASP5, CASP8, CASP8AP2, CASP9, CD40, CDC25A, CDKN1A, CERS1, CHEK1, CLN3, CLOCK, CNN2, CNRIP1, COPS9, CRADD, CREBBP, CRIP1, CRYAB, CUL4B, DDB1, DDB2, DDX3X, DEPDC1B, DHX36, ECT2, EEF1D, EFHD1, EP300, EPO, EPX, ERCC4, F11R, FADD, FAS, FASN, FIGNL1, GADD45A, GATA3, GDF1, GPLD1, GRB2, GRK1, H2AW, HRAS, HSF1, HUS1, HVCN1, HYAL1, HYAL2, HYAL3, IFI16, IL1B, INO80, INSRR, INTS7, IRF1, KCNK18, KCNK4, KDM1A, KDM4D, LETM1, LIG4, LRRC8D, LRRC8E, LTBR, MAP2K4, MAP3K1, MAP3K14, MAP3K2, MAP3K20, MAPK13, MAPK14, MAPK3, MAPK8, MC1R, MDM2, METTL3, MFAP4, MICU1, MINDY4, MMAB, MME, MMP1, MMP12, MMP2, MMP3, MMP9, MYC, MYD88, MYLK, N4BP1, NEDD4, NET1, NFKB1, NIPBL, NOC2L, NOX1, NPM1, NSMCE3, NUCKS1, OPN1SW, OPN3, OPN5, OXSR1, PARP1, PCNA, PKD2, POLA1, POLD1, POLK, PPID, PRKCD, PRKD2, PRPF38B, PTEN, PTPRK, RAB11B, RAB11FIP5, RAB43, RAD1, RAD51, RAD51AP1, RAD9A, RCSD1, REST, RHNO1, RHOB, RNASE6, RPL26, RRAD, RUVBL2, SCNN1A, SCNN1B, SCNN1D, SCNN1G, SDE2, SERPINA2, SERPINB6, SIRT1, SLC12A6, SLC25A23, SLC4A11, SLC6A2, SLC6A5, SLC9A1, SMPD1, SPAM1, SPIDR, ST20, STK11, SWI5, TAF1, TANK, TENT4A, TIMP1, TLK2, TLR3, TLR4, TLR5, TLR7, TLR8, TMEM109, TMEM161A, TNFRSF10A, TNFRSF10B, TNFRSF1A, TNFRSF8, TNFSF14, TNKS1BP1, TP53, TRIAP1, TRPM1, TRPV1, TRPV4, TSPAN1, TSPYL5, USP28, WNK3, WRN, XPC, XRCC5, XRCC6, YAP1, YBX3, YY1, ZBTB1, ZFAND1]",FALSE,"[BRCA2, CDKN1A, CREBBP, DDX3X, FASN, MDM2, PTEN, TP53, YAP1]",52.007831736108066,"[BRCA2, CREBBP, DDX3X, PTEN, TP53]",47.99216504786549
GO:0071900,GO_BiologicalProcess-EBI-UniProt-GOA-ACAP-ARAP_25.05.2022_00h00,regulation of protein serine/threonine kinase activity,"[7, 8, 9, 10]","[Group12, Group14]",9,4.1284404,2.649378502599897E-4,0.04583424809497822,"{Group12=6.795177732840325E-9, Group14=5.569648423469341E-7}","{Group12=9.513248825976455E-8, Group14=6.6835781081632085E-6}","[ADIPOQ, DDX3X, HTT, LRRK2, MAP3K5, PKN1, PRKAR1A, PTEN, TRAF2]","[ABL1, ADAM17, ADAM9, ADIPOQ, ADRA2A, ADRB2, AGT, AGXT, AIDA, AKT1, ALS2, ANKS1B, APC, APOE, ARHGEF5, ATP2B4, BCCIP, BLM, BMP2, BMP4, BMP7, CAB39, CAMK1, CAV3, CBLC, CCNB1, CCND1, CCND2, CCND3, CCNY, CD24, CD300A, CD40, CD40LG, CDK12, CDK5R1, CDK5RAP1, CDK5RAP3, CDKN1B, CDKN2A, CDKN2B, CDKN2C, CDKN2D, CEMIP, CMC4, DAB2IP, DDX3X, DEFB114, DIPK2A, DIRAS1, DIRAS2, DKK1, DNAJA1, DRD4, DUSP1, DUSP10, DUSP12, DUSP16, DUSP7, DVL2, DVL3, EDN1, EDN3, EGF, EGFR, EPGN, ERBB2, ERN1, ERP29, ETAA1, EZH2, FAM20A, FERMT2, FGF1, FGF13, FGF16, FGF18, FGF2, FGFR1, FLT1, FZD10, GADD45A, GBA, GBAP1, GSTP1, GTPBP4, HEG1, HEXIM1, HEXIM2, HGS, HHEX, HMGA2, HRAS, HTR2B, HTT, HYAL2, IFNG, IL1B, IL34, INCA1, INPP5K, INSR, IQGAP1, IRAK3, IRGM, LATS1, LATS2, LAX1, LRP5, LRP6, LRRK2, LTF, MACROH2A1, MAP2K1, MAP2K2, MAP3K10, MAP3K11, MAP3K4, MAP3K5, MAP3K7, MAP4K2, MEN1, MLST8, MST1, MST1R, MTCP1, MYOCD, NEK10, NPPA, NR2F2, NRXN1, NTF3, NTRK3, PAK1, PAQR3, PARP16, PDCD10, PDGFA, PDGFB, PIH1D1, PIK3CG, PKD1, PKD2, PKIA, PKN1, PLK1, PPARG, PPP2CA, PRKAG2, PRKAR1A, PRKAR1B, PRKAR2A, PRKAR2B, PRKCD, PRKCH, PRKD2, PROC, PROX1, PSMD10, PTEN, PTPN1, PTPN22, PTPRJ, PYCARD, RALB, RAPGEF2, RASGRP1, RASIP1, RGCC, RHOA, RNU1-93P, ROBO1, RPS3, RPTOR, SASH1, SERPINB3, SH2D1A, SIRT1, SLC6A4, SMPD1, SNCA, SNF8, SOS1, SPRY2, SRC, STK38, STK4, STRADA, SYAP1, TAB1, TANK, TAOK3, TCIM, TCL1A, TCL1B, TDGF1, TDGF1P3, TELO2, TFAP4, TGFA, TGFB1, THBS1, TLR6, TLR9, TNF, TNFRSF11A, TNFSF11, TPD52L1, TRAF2, TRAF6, TRIB1, TRIB3, TSG101, UCHL1, UVRAG, VEGFA, WNT5A, ZNF675]",FALSE,"[ADIPOQ, DDX3X, HTT, LRRK2, MAP3K5, PKN1, PRKAR1A, PTEN, TRAF2]",64.36363365552677,"[DDX3X, PRKAR1A, PTEN]",35.63636505920847
GO:0072594,GO_BiologicalProcess-EBI-UniProt-GOA-ACAP-ARAP_25.05.2022_00h00,establishment of protein localization to organelle,"[4, 6]",[Group11],9,4.455446,1.4962421198259533E-4,0.027081982368849754,{Group11=5.156034639918656E-7},{Group11=6.7028450318942525E-6},"[BRCA2, FBXW7, FLNA, LRRK2, STAT3, SUMO1, SYK, TERT, WBP2]","[ACD, AGK, AIFM1, AIP, AKIRIN2, AKT1, AP4M1, APLP2, APOD, APPL1, APPL2, ATP5IF1, AURKAIP1, BAG3, BAG4, BAG6, BBC3, BCAP31, BCL3, BMP4, BRCA2, CCT2, CCT3, CCT4, CCT5, CCT6A, CCT7, CCT8, CDH1, CHCHD4, CHMP4A, CHMP4B, CHORDC1, CHP1, CHP2, CLU, COX18, DKC1, DMAP1, DNAJA1, E2F3, EDEM1, EIF4ENIF1, FBXO7, FBXW7, FIS1, FLNA, FZR1, GCC2, GDAP1, GET4, GGA3, GNPTAB, GSK3A, H1-5, HACL1, HCLS1, HDAC3, HGS, HIKESHI, HK1, HK2, HOOK1, HOOK2, HSP90AA1, HSPA1L, HSPA4, HSPA5, HSPA8, IFNG, IL10RA, IPO13, IPO4, IPO5, IPO9, JUP, KCNA4, KCNA5, KIF2A, KPNA2, KPNA4, KPNB1, KRTAP11-1, LAMP1, LAMP2, LONP2, LRRK2, LRSAM1, LRWD1, MACROH2A1, MACROH2A2, MAIP1, MAN1A1, MAPT, MAVS, MFF, MFN2, MMP12, MOAP1, NABP2, NCOA4, NDUFA13, NEDD4, NUP188, NUTF2, PAM16, PARL, PDCD5, PEX1, PEX10, PEX12, PEX13, PEX14, PEX16, PEX19, PEX2, PEX26, PEX3, PEX5, PEX6, PEX7, PHB2, PIH1D1, PIK3R1, PINK1, PMPCA, PMPCB, POT1, PRICKLE1, PRKCD, PSEN1, PTTG1IP, RAB10, RAB11A, RAB23, RAB3GAP1, RAB3GAP2, RAB7A, RAB8B, RALA, RAN, RANBP2, RBM22, RPAIN, RUVBL2, RYR2, SAMM50, SCARB2, SEC61A1, SEC62, SEC63, SIAH3, SMURF1, SNX16, SORL1, SPIDR, SREBF1, SRP14, SRP54, STAT3, STK24, STK3, STK4, SUMO1, SYK, TAC4, TCP1, TERF1, TERT, TGFB1, TIMM10, TIMM21, TIMM22, TIMM29, TIMM9, TNPO1, TNPO3, TOMM20, TOMM22, TOMM34, TOMM40, TOMM7, TPR, TRIM28, TRMT10B, TSPAN10, TSPAN17, UBL4A, UBR5, UFM1, VPS28, VPS4A, WASH3P, WBP2, WRAP53, ZC3H12A, ZDHHC15, ZFAND2B, ZFYVE16, ZNF260, ZNF827, ZPR1]",FALSE,"[BRCA2, FBXW7, FLNA, LRRK2, STAT3, SUMO1, SYK, TERT, WBP2]",64.36363365552677,"[BRCA2, FBXW7, TERT]",35.63636505920847
GO:0090398,GO_BiologicalProcess-EBI-UniProt-GOA-ACAP-ARAP_25.05.2022_00h00,cellular senescence,"[3, 4]",[Group13],5,8.620689,2.4094804504143705E-4,0.04216590788225148,{Group13=4.705859040146704E-6},{Group13=5.176444944161375E-5},"[ABI3, CDKN1A, MAGEA2, TERT, TP53]","[ABI3, AKT3, AMH, ARG2, B2M, CALR, CDK6, CDKN1A, CDKN2A, CDKN2B, EEF1E1, FBXO5, HLA-G, HMGA1, HMGA2, HRAS, KAT6A, KIR2DL4, LMNA, MAGEA2, MAP2K1, MAP3K3, MAPK14, MAPKAPK5, MED12, MIF, MORC3, NEK4, NPM1, NSMCE2, NUAK1, OPA1, PLA2R1, PML, PNPT1, PRKCD, RBL1, RSL1D1, S100A8, S100A9, SIRT1, SIRT6, SLC30A10, SMC5, SMC6, SRF, TBX2, TBX3, TERF2, TERT, TP53, TWIST1, VASH1, WNT1, WNT16, WRN, YPEL3, ZKSCAN3]",FALSE,"[ABI3, CDKN1A, MAGEA2, TERT, TP53]",60.08146324252549,"[TERT, TP53]",39.91853478368437
GO:0198738,GO_BiologicalProcess-EBI-UniProt-GOA-ACAP-ARAP_25.05.2022_00h00,cell-cell signaling by wnt,"[3, 4]",[Group10],11,4.4897957,2.4821992623870928E-5,0.004765822583783218,{Group10=2.4821992623870928E-5},{Group10=1.9857594099096743E-4},"[CSNK2A1, DDX3X, DISC1, GLI1, LRRK2, PIN1, PTEN, SOX13, SOX2, TERT, TLE5]","[ADGRA2, ALPK2, AMER1, AMER2, AMFR, ANAPC2, APC, APC2, APCDD1, APOE, ARL4D, ARL6, ATP6AP2, ATP6V0C, ATP6V1C2, AXIN1, AXIN2, BAMBI, BICC1, BMP2, CAPRIN2, CAV1, CBY1, CCAR2, CCDC88C, CCL14, CCNY, CDC73, CDH15, CDH3, CDK14, CHD8, CMAHP, COL1A1, CPE, CSNK1A1, CSNK1D, CSNK1E, CSNK2A1, CSNK2A2, CTNNB1, CTNND1, CTNND2, CXXC4, CYLD, DAB2, DAB2IP, DACT1, DACT3, DAPK3, DCDC2, DDX3X, DEPDC1B, DISC1, DIXDC1, DKK1, DKK2, DKK3, DVL1, DVL1P1, DVL2, DVL3, EGF, EGFR, EMD, FAM53B, FERMT2, FRAT1, FRZB, FZD1, FZD10, FZD2, FZD3, FZD4, FZD5, FZD6, FZD7, FZD8, FZD9, GID8, GLI1, GLI3, GNAQ, GPC3, GPC4, GRB10, GREM1, GSK3B, GSKIP, HDAC1, HHEX, HIC1, ILK, INVS, ITGA3, JADE1, JRK, KANK1, KLHL12, LATS1, LATS2, LEF1, LGR4, LGR5, LGR6, LRP4, LRP5, LRP6, LRRK1, LRRK2, MAD2L2, MCC, MDFIC, MLLT3, MRPS12, MYOC, NCOA3, NFKB1, NKD1, NKD2, NOG, NOTUM, NPHP3, NPHP3-ACAD11, NPHP4, NRARP, NXN, OPRM1, OTUD5, PDZD2, PFDN5, PIN1, PKD1, PKD2, PLEKHA4, PPM1A, PRICKLE1, PRKD2, PRKN, PROC, PTEN, PTK7, PTPN23, PTPRU, RAB5A, RAC3, RBMS3, RNF146, RNF213, RNF220, RNF43, RNU6-664P, ROR1, RORA, RPS12, RSPO1, RSPO2, RSPO3, RSPO4, RUVBL1, RUVBL2, SALL1, SCEL, SCYL2, SDHAF2, SFRP1, SFRP2, SFRP4, SFRP5, SIAH1, SIAH2, SLC25A23, SLC9A3R1, SMARCA4, SNAI2, SNX3, SOST, SOSTDC1, SOX13, SOX17, SOX2, SOX30, SOX7, SPIN1, SPNS1, STK11, STK24, STK3, STK4, STRN, SULF1, SULF2, TBL1X, TBL1XR1, TCF7L2, TERT, TGFB1, TLE1, TLE2, TLE5, TLR2, TMEM131L, TMEM170B, TMEM198, TMEM237, TMEM88, TMEM9, TMX2-CTNND1, TNKS, TNKS2, TRABD2A, TRABD2B, TRPM4, UBAC2, UBR5, USP34, USP47, USP8, VCP, VGLL4, WLS, WNK1, WNK2, WNT1, WNT10A, WNT10B, WNT11, WNT2, WNT2B, WNT3, WNT3A, WNT4, WNT5A, WNT7A, WNT7B, WNT8A, WNT8B, WNT9A, WNT9B, WWOX, WWTR1, XIAP, ZEB2, ZNRF3, ZRANB1]",FALSE,"[CSNK2A1, DDX3X, DISC1, GLI1, LRRK2, PIN1, PTEN, SOX13, SOX2, TERT, TLE5]",62.343897681614315,"[DDX3X, PTEN, SOX2, TERT]",37.65610153346996
GO:1902806,GO_BiologicalProcess-EBI-UniProt-GOA-ACAP-ARAP_25.05.2022_00h00,regulation of cell cycle G1/S phase transition,"[5, 6, 7]",[Group13],8,7.079646,1.3448336479597702E-5,0.0026358739500011493,{Group13=4.705859040146704E-6},{Group13=5.176444944161375E-5},"[CDKN1A, DDX3X, GLI1, MDM2, PTEN, SOX2, TP53, ZNF655]","[ACVR1, ADAM17, ADAMTS1, AIF1, AKT1, AMBRA1, ANKRD17, APC, APLP2, APPL1, APPL2, ATP2B4, BRD7, C10orf99, CASP2, CCL2, CCND1, CCND2, CCNH, CDC73, CDK2AP2, CDK7, CDKN1A, CDKN1B, CDKN2A, CDKN2C, CDKN2D, CENPJ, CFH, CPSF3, CRADD, CRLF3, CRNN, DACT1, DCUN1D3, DDX3X, DLG1, E2F1, EGFR, EIF4G1, EZH2, FAM107A, FAM83D, FBXO31, FGF10, FHL1, GLI1, GPNMB, HPLH1, HYAL1, ID2, INHBA, INO80, JADE1, KANK2, KIF14, KLF4, KMT2E, LSM10, LSM11, MBLAC1, MDM2, METTL13, MLF1, MN1, MNAT1, MUC1, NACC2, NANOGP8, NKX3-1, PAF1, PAGR1, PEX2, PHB2, PIDD1, PKD1, PKD2, PLK5, POLR1B, PPP2CA, PRAP1, PRKD2, PRKDC, PROC, PTEN, PTPN6, RFWD3, RGCC, RPA2, RPL26, RPS27L, RPTOR, RRM1, RRM2, SASS6, SDE2, SLFN11, SOX2, SPAM1, STIL, STOX1, STXBP4, SUSD2, TCIM, TFDP1, TFDP3, TM4SF5, TMEM14B, TP53, TRIM39, UBE2E2, WAC, ZNF655]",FALSE,"[CDKN1A, DDX3X, GLI1, MDM2, PTEN, SOX2, TP53, ZNF655]",54.62962526348664,"[DDX3X, PTEN, SOX2, TP53]",45.370370464708834
GO:1902807,GO_BiologicalProcess-EBI-UniProt-GOA-ACAP-ARAP_25.05.2022_00h00,negative regulation of cell cycle G1/S phase transition,"[5, 6, 7, 8]",[Group13],6,11.764706,9.26050218104186E-6,0.0018335794318462882,{Group13=4.705859040146704E-6},{Group13=5.176444944161375E-5},"[CDKN1A, MDM2, PTEN, SOX2, TP53, ZNF655]","[ACVR1, APC, BRD7, C10orf99, CASP2, CCL2, CCND1, CDC73, CDK2AP2, CDKN1A, CDKN1B, CFH, CRADD, CRLF3, DACT1, DCUN1D3, DLG1, FAM107A, FBXO31, FHL1, GPNMB, HPLH1, INHBA, JADE1, KANK2, KLF4, MDM2, METTL13, MUC1, NACC2, NKX3-1, PIDD1, PKD2, POLR1B, PRAP1, PRKD2, PRKDC, PROC, PTEN, RFWD3, RPA2, RPL26, RPS27L, SDE2, SLFN11, SOX2, SUSD2, TFDP3, TP53, WAC, ZNF655]",TRUE,"[CDKN1A, MDM2, PTEN, SOX2, TP53, ZNF655]",54.629627267077495,"[PTEN, SOX2, TP53]",45.37037212870815
GO:1903320,GO_BiologicalProcess-EBI-UniProt-GOA-ACAP-ARAP_25.05.2022_00h00,regulation of protein modification by small protein conjugation or removal,"[6, 7]",[Group14],11,6.0439563,1.4442258448166366E-6,2.9317784649777724E-4,{Group14=5.569648423469341E-7},{Group14=6.6835781081632085E-6},"[BMI1, DDX3X, FBXW7, LRRK2, MAGEA2, PIN1, PPIA, PTEN, SKP1, SUMO1, UBE2I]","[ABL1, AKT1, AMER1, ANGPT1, ARRB1, ARRB2, ARRDC3, ARRDC4, AXIN1, BAG2, BAG5, BCL10, BIRC2, BIRC3, BMI1, BRCA1, BTRC, BUB1B, BUB3, CAMLG, CAPN3, CAV1, CDC14B, CDC20, CDK5RAP3, CDKN2A, COMMD1, COMMD3-BMI1, CTNNB1, CUL3, DAXX, DCUN1D1, DCUN1D2, DCUN1D3, DCUN1D4, DCUN1D5, DDX3X, DERL1, DNAJA1, DNAJB2, DTX3L, EGR1, EPAS1, FAM107A, FANCI, FANCM, FBXO4, FBXO5, FBXW7, FKBP1A, FOXF2, FZR1, GABARAP, GLMN, GNL3, GNL3L, GSK3A, GTPBP4, HDAC4, HDAC8, HIF1A, HSP90AA1, HSP90AB1, HSPA1A, HSPA1B, HSPBP1, HUWE1, INAVA, ISG15, IVNS1ABP, KDM1A, LIMK1, LRRK2, MAD2L1, MAD2L2, MAGEA2, MAGEC2, MARCHF7, MINAR1, MRPL23, MTA1, MUL1, MYCBP2, NDFIP1, NDFIP2, NOD2, NOP53, NSMCE3, OGT, OTUB1, OTUD4, PARK7, PARP10, PDCD6, PDZD2, PEF1, PHF23, PIAS1, PIAS3, PIAS4, PIN1, PINK1, PINX1, PLK1, PPIA, PRICKLE1, PRKCG, PRKN, PRMT3, PRR7, PSMD10, PTEN, PTPN22, PTTG1IP, RBX1, RCHY1, RIPK2, RPL11, RPL17, RPL23, RPL37, RPL5, RPS15, RPS2, RPS20, RPS3, RPS7, RWDD3, SAE1, SART3, SASH1, SENP2, SEPTIN4, SH3RF2, SIRT7, SKP1, SMAD7, SOX4, SPHK1, SPOPL, SPRTN, SPRY2, SPSB4, SQSTM1, STUB1, SUMO1, SVBP, TAF1, TANK, TBC1D7, TGFBR1, TNFAIP3, TNIP1, TOPORS, TRIM21, TRIM44, TRIP12, TSPYL5, U2AF2, UBA2, UBB, UBE2D1, UBE2I, UBE2L3, UBE2N, UBE2S, UBE2V1, UBE2V2, UBE3A, UBQLN1, UBR5, UBXN1, UFL1, USP4, USP44, VCP, VPS28, WFS1, XIAP, ZC3H12A, ZMIZ1, ZNF367]",FALSE,"[BMI1, DDX3X, FBXW7, LRRK2, MAGEA2, PIN1, PPIA, PTEN, SKP1, SUMO1, UBE2I]",68.82289992777014,"[DDX3X, FBXW7, PTEN]",31.17709435745108
GO:1903322,GO_BiologicalProcess-EBI-UniProt-GOA-ACAP-ARAP_25.05.2022_00h00,positive regulation of protein modification by small protein conjugation or removal,"[6, 7, 8]",[Group14],9,8.653846,7.001531894506864E-7,1.442315570268414E-4,{Group14=5.569648423469341E-7},{Group14=6.6835781081632085E-6},"[BMI1, DDX3X, FBXW7, LRRK2, MAGEA2, PIN1, PTEN, SKP1, SUMO1]","[AMER1, ANGPT1, ARRDC3, ARRDC4, AXIN1, BCL10, BIRC2, BIRC3, BMI1, BRCA1, BTRC, CAV1, CDC14B, CDC20, CDK5RAP3, CDKN2A, COMMD1, COMMD3-BMI1, CUL3, DCUN1D1, DCUN1D2, DCUN1D3, DCUN1D4, DCUN1D5, DDX3X, DERL1, FAM107A, FANCI, FANCM, FBXO4, FBXW7, FKBP1A, FZR1, GABARAP, GNL3, GSK3A, HDAC4, HSPBP1, HUWE1, INAVA, KDM1A, LRRK2, MAGEA2, MAGEC2, MARCHF7, MTA1, MUL1, MYCBP2, NDFIP1, NDFIP2, NOD2, NOP53, NSMCE3, PDCD6, PDZD2, PEF1, PHF23, PIAS1, PIAS3, PIAS4, PIN1, PLK1, PRICKLE1, PRKN, PSMD10, PTEN, PTPN22, PTTG1IP, RBX1, RCHY1, RIPK2, RPS2, RWDD3, SAE1, SART3, SENP2, SEPTIN4, SKP1, SMAD7, SPHK1, SPRTN, SPSB4, STUB1, SUMO1, TANK, TBC1D7, TNIP1, TOPORS, TSPYL5, UBA2, UBB, UBE2D1, UBE2L3, UBE2N, UBE2S, UBE2V1, UBE2V2, UBE3A, UBQLN1, VCP, WFS1, XIAP, ZC3H12A, ZNF367]",FALSE,"[BMI1, DDX3X, FBXW7, LRRK2, MAGEA2, PIN1, PTEN, SKP1, SUMO1]",64.36363365552677,"[DDX3X, FBXW7, PTEN]",35.63636505920847
GO:1905289,GO_BiologicalProcess-EBI-UniProt-GOA-ACAP-ARAP_25.05.2022_00h00,regulation of CAMKK-AMPK signaling cascade,"[5, 6, 7, 8, 9]",[Group02],2,66.666664,2.7972815289260393E-4,0.04811324229752788,{Group02=2.7972815289260393E-4},{Group02=2.7972815289260393E-4},"[HTT, LRRK2]","[HTT, LRRK2, SLC6A4]",TRUE,"[HTT, LRRK2]",100.00000169182913,[],0.0
GO:1990787,GO_BiologicalProcess-EBI-UniProt-GOA-ACAP-ARAP_25.05.2022_00h00,negative regulation of hh target transcription factor activity,"[4, 5, 6, 7, 8, 9, 10, 11, 12, 13, 14]",[Group03],2,66.666664,2.7972815289260393E-4,0.04811324229752788,{Group03=2.7972815289260393E-4},{Group03=2.7972815289260393E-4},"[GLI1, SUFU]","[GLI1, GLI3, SUFU]",TRUE,"[GLI1, SUFU]",54.62962314273627,[SUFU],45.370368703407536
GO:2000045,GO_BiologicalProcess-EBI-UniProt-GOA-ACAP-ARAP_25.05.2022_00h00,regulation of G1/S transition of mitotic cell cycle,"[6, 7, 8]",[Group13],6,6.451613,2.82021271164678E-4,0.048225637369159934,{Group13=4.705859040146704E-6},{Group13=5.176444944161375E-5},"[CDKN1A, DDX3X, MDM2, PTEN, TP53, ZNF655]","[ACVR1, ADAM17, ADAMTS1, AIF1, AKT1, AMBRA1, ANKRD17, APC, APLP2, APPL1, APPL2, BRD7, CASP2, CCL2, CCND1, CCND2, CCNH, CDC73, CDK2AP2, CDK7, CDKN1A, CDKN1B, CDKN2A, CDKN2C, CDKN2D, CENPJ, CFH, CPSF3, CRADD, CRLF3, DACT1, DCUN1D3, DDX3X, DLG1, E2F1, EGFR, EIF4G1, FAM107A, FBXO31, FGF10, FHL1, GPNMB, HPLH1, HYAL1, ID2, INHBA, INO80, JADE1, KANK2, KIF14, KLF4, KMT2E, LSM10, LSM11, MBLAC1, MDM2, MNAT1, MUC1, NACC2, PIDD1, PKD1, PKD2, PLK5, POLR1B, PPP2CA, PRAP1, PRKD2, PRKDC, PROC, PTEN, PTPN6, RFWD3, RGCC, RPA2, RPL26, RPS27L, RPTOR, RRM1, RRM2, SASS6, SDE2, SLFN11, SPAM1, STIL, STOX1, TFDP1, TFDP3, TM4SF5, TMEM14B, TP53, UBE2E2, WAC, ZNF655]",FALSE,"[CDKN1A, DDX3X, MDM2, PTEN, TP53, ZNF655]",54.629627267077495,"[DDX3X, PTEN, TP53]",45.37037212870815
GO:2000134,GO_BiologicalProcess-EBI-UniProt-GOA-ACAP-ARAP_25.05.2022_00h00,negative regulation of G1/S transition of mitotic cell cycle,"[6, 7, 8, 9]",[Group13],5,11.111111,7.100107417347927E-5,0.013419203018787582,{Group13=4.705859040146704E-6},{Group13=5.176444944161375E-5},"[CDKN1A, MDM2, PTEN, TP53, ZNF655]","[ACVR1, APC, BRD7, CASP2, CCL2, CCND1, CDC73, CDK2AP2, CDKN1A, CFH, CRADD, CRLF3, DACT1, DCUN1D3, DLG1, FAM107A, FBXO31, FHL1, GPNMB, HPLH1, INHBA, JADE1, KANK2, KLF4, MDM2, MUC1, NACC2, PIDD1, PKD2, POLR1B, PRAP1, PRKD2, PRKDC, PROC, PTEN, RFWD3, RPA2, RPL26, RPS27L, SDE2, SLFN11, TFDP3, TP53, WAC, ZNF655]",FALSE,"[CDKN1A, MDM2, PTEN, TP53, ZNF655]",60.08146324252549,"[PTEN, TP53]",39.91853478368437
GO:2001233,GO_BiologicalProcess-EBI-UniProt-GOA-ACAP-ARAP_25.05.2022_00h00,regulation of apoptotic signaling pathway,"[4, 5, 6, 7]",[Group12],11,4.8034935,1.3213337505010193E-5,0.002603027488487008,{Group12=6.795177732840325E-9},{Group12=9.513248825976455E-8},"[DDX3X, FASN, FBXW7, HTT, LRRK2, MDM2, PPIA, PTEN, TERT, TP53, TRAF2]","[ACAA2, ACKR3, ACVR1, AGT, AGTR2, AGXT, AKR1B1, AMH, AR, AREG, ASAH2, ATF3, AVP, BAG5, BAK1, BAX, BBC3, BCAP31, BCL10, BCL2, BCL2L1, BCLAF1, BECN1, BID, BIRC6, BRCA1, CAAP1, CAV1, CCAR2, CD44, CD74, CDKN2D, CFLAR, CLU, CREB3, CREB3L4, CSF2, CX3CL1, CXCL12, CYLD, DAB2IP, DAPK2, DDIAS, DDIT3, DDX3X, DEDD2, DEPTOR, DNAJA1, DNM1L, EIF2AK3, EIF5A, EIF5AL1, ENO1, EPO, EPX, ETFA, ETFB, ETFDH, FADD, FAIM2, FAS, FASN, FBH1, FBXW7, FEM1B, FGA, FGB, FGG, FIS1, FXN, G0S2, GATA1, GDNF, GHITM, GPX1, GSDME, GSK3B, GSTP1, HERPUD1, HGF, HIF1A, HMOX1, HSPA1A, HSPA1B, HTRA2, HTT, HYOU1, ICAM1, IFI6, IFNAR1, IFNB1, IGF1, IL1B, IL6, INHBA, ITGA6, ITGAV, KDM1A, LCK, LGALS3, LOC654780, LRRK2, LTBR, MADD, MAGEA3, MAPK7, MAPK8IP2, MARCHF7, MAZ, MCL1, MDM2, MED12, MEN1, MIF, MMP9, MPV17L, MSX1, MUC1, MYC, NACC2, NCK1, NDUFA13, NDUFS3, NFE2L2, NKX3-1, NLRP3, NOC2L, NOL3, NONO, NR4A2, NUPR1, OPA1, P4HB, PAK2, PARK7, PEA15, PELI3, PF4, PHIP, PIH1D1, PINK1, PKN2, PLAUR, PMAIP1, PML, PPIA, PPIF, PPP2R1B, PRELID1, PRKN, PSMD10, PSME3, PTEN, PTPMT1, PTTG1IP, PYCARD, QARS1, RACK1, RELA, RFFL, RIPK1, RNF183, RNF34, RPL26, RPS3, RPS7, RTKN2, S100A8, S100A9, SCG2, SELENOS, SEPTIN4, SERPINE1, SFPQ, SFRP1, SH3RF1, SIAH1, SIAH2, SIRT1, SLC25A5, SLC35F6, SLC6A4, SLC9A3R1, SNAI1, SNAI2, SOD1, SOD2, SOD2-OT1, SOS1, SP100, SRC, STX4, STYXL1, SYVN1, TANK, TERT, TGFBR1, THBS1, TIMP1, TIMP3, TMBIM1, TMBIM6, TMC8, TMEM14A, TMEM161A, TNF, TNFAIP3, TNFRSF12A, TNFSF10, TNFSF12, TP53, TPD52L1, TPT1, TRAF1, TRAF2, TRAF7, TRIAP1, TRIM32, TRIM39, TXNDC12, UBB, UBQLN1, UNC5B, URI1, XBP1, XBP1P1, YBX3, ZMYND11, ZNF385A]",FALSE,"[DDX3X, FASN, FBXW7, HTT, LRRK2, MDM2, PPIA, PTEN, TERT, TP53, TRAF2]",56.97980529520429,"[DDX3X, FBXW7, PTEN, TERT, TP53]",43.02019550716841
